Workbook
Name _aug08: #REF!
Name _kat1: #REF!
Name _oct1: #REF!
Name a: #REF!
Name AA: #REF!
Name aaa: #REF!
Name aaaa: #REF!
Name AAAAA: #REF!
Name AAAAAA: #REF!
Name actual: #REF!
Name AD: #REF!
Name AHMAD: #REF!
Name ALL: #REF!
Name AM: #REF!
Name b: #REF!
Name BASE: #REF!
Name baseprice: #REF!
Name bb: #REF!
Name BBB: #REF!
Name BLANK: #REF!
Name blankjuly: #REF!
Name cc: #REF!
Name ccc: #REF!
Name ChackDate: #REF!
Name cimlot: #REF!
Name coating: #REF!
Name Coating_Wt: #REF!
Name COIL: #REF!
Name CUS: #REF!
Name D: #REF!
Name data: #REF!
Name DATAFORAPR: #REF!
Name DATE: #REF!
Name DateC: #REF!
Name DD: #REF!
Name ddd: #REF!
Name DEFECT: #REF!
Name DEN: #REF!
Name DIE: #REF!
Name E: #REF!
Name eee: #REF!
Name F: #REF!
Name FBACK: #REF!
Name ff: #REF!
Name fff: #REF!
Name FG: #REF!
Name FGBLANK: #REF!
Name FGFORM: #REF!
Name first: #REF!
Name forcastaug: #REF!
Name fore: #REF!
Name forecast: #REF!
Name forecastjuli: #REF!
Name forecastold: #REF!
Name FORESEP: #REF!
Name FORM: #REF!
Name forme: #REF!
Name formjuly: #REF!
Name G: #REF!
Name ggg: #REF!

Sheet SA007 2025.01-2026.05 
A1: SECC-16/16_1.2_1219_CHINA STEEL | D1: RM600ST000027 | L1: 1 | M1: =L1+1 -> 2 | N1: =M1+1 -> 3 | O1: =N1+1 -> 4 | P1: =O1+1 -> 5 | Q1: =P1+1 -> 6 | R1: =Q1+1 -> 7 | S1: =R1+1 -> 8 | T1: =S1+1 -> 9 | ... W1: =V1+1 -> 12 | X1: 1 | Y1: =X1+1 -> 2 | Z1: =Y1+1 -> 3 | AC1: =W1+1 -> 13 | AG1: Copy สูตรใหม่ทุกครั้ง
L2: =SUBTOTAL(9,L5:L690) -> 289246.5 | M2: =SUBTOTAL(9,M5:M690) -> 272944 | N2: =SUBTOTAL(9,N5:N690) -> 293886.8 | O2: =SUBTOTAL(9,O5:O690) -> 266819.5 | P2: =SUBTOTAL(9,P5:P690) -> 321106 | Q2: =SUBTOTAL(9,Q5:Q690) -> 303203 | R2: =SUBTOTAL(9,R5:R690) -> 302654.1 | S2: =SUBTOTAL(9,S5:S690) -> 325115.04 | ... AB2: =SUBTOTAL(9,AB5:AB690) -> 253487 | AC2: =SUBTOTAL(9,AC5:AC396) -> 4040624.4 | AD2: =SUBTOTAL(9,AD5:AD1582) -> 335853.03 | AG2: SO-003 20.05.2026
A3: Material Code | B3: Material Spec | C3: PTT Spec | D3: FG Code | E3: Customer | F3: Delivery Place | G3: Mat Kind | H3: DO Mat Spec | I3: T | J3: W | K3: L | L3: 2025 | M3: 2025 | N3: 2025 | O3: 2025 | P3: 2025 | Q3: 2025 | R3: 2025 | S3: 2025 | T3: 2025 | U3: 2025 | V3: 2025 | W3: 2025 | X3: 2026 | Y3: 2026 | Z3: 2026 | AA3: 2026 | AB3: 2026 | AC3: Summary | AD3: Jan'25-Mar'2026 | AG3: Total PO (kg) | AH3: Delvered (kg) | AI3: Bal (kg)
L4: Jan | M4: Feb | N4: Mar | O4: Apr | P4: May | Q4: Jun | R4: July | S4: Aug | T4: Sep | U4: Oct | V4: Nov | W4: Dec | X4: Jan | Y4: Feb | Z4: Mar | AA4: Apr | AB4: May | AC4: Total | AD4: Avereage | AE4: Remark RD004
A5: SECD_0.5_1219_Common | B5: SECCD | C5: SECCD | D5: 101140 | E5: GINFONG | F5: GINFONG | G5: EG | H5: SECD | I5: 0.5 | J5: 55 | K5: COIL | L5: 0 | M5: 457 | N5: 1762 | O5: 0 | P5: 1012 | Q5: 7919 | R5: 3107 | S5: 0 | T5: 2323 | U5: 1158 | V5: 0 | W5: 0 | X5: 919 | Y5: 0 | Z5: 0 | AA5: =SUMIF([1]SA007!$C:$C,'SA007 2025.01-2026.05 '!$D5,[1]SA007!P:P) -> 0 | AB5: =SUMIF([1]SA007!$C:$C,'SA007 2025.01-2026.05 '!$D5,[1]SA007!Q:Q) -> 0 | AC5: =SUM(L5:AB5) -> 18657 | AD5: =AVERAGE(L5:AB5) -> 1097.4706 | AE5: ห่อพลาสติกใส ล้มวางพาเลทไม้_x000D_ รัดสายเขียว 2 เส้น ครีบคว่ำ ครีบหงาย แยกพาเลท_x000D_ ครีบคว่ำ ครีบหงาย แยกพาเลท FG ระบุพาเลทและคีบคว่ำหงายลง Remark ในระบบด้วย | AG5: =SUMIF([1]SO003!$H:$H,'SA007 2025.01-2026.05 '!$D5,[1]SO003!AF:AF) -> 0 | AH5: =SUMIF([1]SO003!$H:$H,'SA007 2025.01-2026.05 '!$D5,[1]SO003!AH:AH) -> 0 | AI5: =SUMIF([1]SO003!$H:$H,'SA007 2025.01-2026.05 '!$D5,[1]SO003!AJ:AJ) -> 0
A6: SPFH590-P/O_2_1219_Common | B6: SPFH590-P/O | C6: SPFH590-P/O | D6: 4168065 | E6: WISDOM AUTO | F6: WISDOM AUTO | G6: HR | H6: SPFH590-P/O | I6: 2 | J6: 220 | K6: 1220 | L6: 0 | M6: 0 | N6: 420 | O6: 0 | P6: 0 | Q6: 0 | R6: 0 | S6: 0 | T6: 0 | U6: 0 | V6: 0 | W6: 0 | X6: 0 | Y6: 0 | Z6: 0 | AA6: =SUMIF([1]SA007!$C:$C,'SA007 2025.01-2026.05 '!$D6,[1]SA007!P:P) -> 0 | AB6: =SUMIF([1]SA007!$C:$C,'SA007 2025.01-2026.05 '!$D6,[1]SA007!Q:Q) -> 0 | AC6: =SUM(L6:AB6) -> 420 | AD6: =AVERAGE(L6:AB6) -> 24.705882 | AE6: ห่อพลาสติกใส วางพาเลทไม้ | AG6: =SUMIF([1]SO003!$H:$H,'SA007 2025.01-2026.05 '!$D6,[1]SO003!AF:AF) -> 0 | AH6: =SUMIF([1]SO003!$H:$H,'SA007 2025.01-2026.05 '!$D6,[1]SO003!AH:AH) -> 0 | AI6: =SUMIF([1]SO003!$H:$H,'SA007 2025.01-2026.05 '!$D6,[1]SO003!AJ:AJ) -> 0
A7: SPFH590-P/O_2_1219_Common | B7: SPFH590-P/O | C7: SPFH590-P/O | D7: 4535289 | E7: WISDOM AUTO | F7: WISDOM AUTO | G7: HR | H7: SPFH590 P/O | I7: 2 | J7: 95 | K7: 1220 | L7: 0 | M7: 0 | N7: 183 | O7: 184 | P7: 0 | Q7: 0 | R7: 0 | S7: 0 | T7: 0 | U7: 0 | V7: 0 | W7: 0 | X7: 0 | Y7: 0 | Z7: 0 | AA7: =SUMIF([1]SA007!$C:$C,'SA007 2025.01-2026.05 '!$D7,[1]SA007!P:P) -> 0 | AB7: =SUMIF([1]SA007!$C:$C,'SA007 2025.01-2026.05 '!$D7,[1]SA007!Q:Q) -> 0 | AC7: =SUM(L7:AB7) -> 367 | AD7: =AVERAGE(L7:AB7) -> 21.588235 | AE7: ห่อพลาสติกใส วางพาเลทไม้ วาง 2 ตอน | AG7: =SUMIF([1]SO003!$H:$H,'SA007 2025.01-2026.05 '!$D7,[1]SO003!AF:AF) -> 0 | AH7: =SUMIF([1]SO003!$H:$H,'SA007 2025.01-2026.05 '!$D7,[1]SO003!AH:AH) -> 0 | AI7: =SUMIF([1]SO003!$H:$H,'SA007 2025.01-2026.05 '!$D7,[1]SO003!AJ:AJ) -> 0
A8: SPFH590-P/O_2_1219_Common | B8: SPFH590-P/O | C8: SPFH590-P/O | D8: 4671626 | E8: WISDOM AUTO | F8: WISDOM AUTO | G8: HR | H8: SPFH590-P/O | I8: 2 | J8: 220 | K8: 1220 | L8: 0 | M8: 0 | N8: 420 | O8: 907 | P8: 0 | Q8: 0 | R8: 0 | S8: 0 | T8: 0 | U8: 0 | V8: 0 | W8: 0 | X8: 0 | Y8: 0 | Z8: 0 | AA8: =SUMIF([1]SA007!$C:$C,'SA007 2025.01-2026.05 '!$D8,[1]SA007!P:P) -> 0 | AB8: =SUMIF([1]SA007!$C:$C,'SA007 2025.01-2026.05 '!$D8,[1]SA007!Q:Q) -> 0 | AC8: =SUM(L8:AB8) -> 1327 | AD8: =AVERAGE(L8:AB8) -> 78.058824 | AE8: ห่อพลาสติกใส วางพาเลทไม้ | AG8: =SUMIF([1]SO003!$H:$H,'SA007 2025.01-2026.05 '!$D8,[1]SO003!AF:AF) -> 0 | AH8: =SUMIF([1]SO003!$H:$H,'SA007 2025.01-2026.05 '!$D8,[1]SO003!AH:AH) -> 0 | AI8: =SUMIF([1]SO003!$H:$H,'SA007 2025.01-2026.05 '!$D8,[1]SO003!AJ:AJ) -> 0
A9: SGCC-Z22_0.5_1219_Common | B9: SGCC-Z22 | C9: SGCC-Z22 | D9: 0209000752 | E9: HONESTY | F9: HONESTY | G9: GI | H9: SGCC Z22 | I9: 0.5 | J9: 121.5 | K9: 1219 | L9: 0 | M9: 581 | N9: 0 | O9: 0 | P9: 0 | Q9: 0 | R9: 626 | S9: 0 | T9: 0 | U9: 0 | V9: 0 | W9: 0 | X9: 580 | Y9: 0 | Z9: 0 | AA9: =SUMIF([1]SA007!$C:$C,'SA007 2025.01-2026.05 '!$D9,[1]SA007!P:P) -> 0 | AB9: =SUMIF([1]SA007!$C:$C,'SA007 2025.01-2026.05 '!$D9,[1]SA007!Q:Q) -> 0 | AC9: =SUM(L9:AB9) -> 1787 | AD9: =AVERAGE(L9:AB9) -> 105.11765 | AE9: แนบ Cer. POSCO เท่านั้น ห่อพลาสติกใส แนบ INSPECTION DATA_x000D_ | AG9: =SUMIF([1]SO003!$H:$H,'SA007 2025.01-2026.05 '!$D9,[1]SO003!AF:AF) -> 0 | AH9: =SUMIF([1]SO003!$H:$H,'SA007 2025.01-2026.05 '!$D9,[1]SO003!AH:AH) -> 0 | AI9: =SUMIF([1]SO003!$H:$H,'SA007 2025.01-2026.05 '!$D9,[1]SO003!AJ:AJ) -> 0
A10: SPCC-SD_2.8_1219_Common | B10: SPCC-SD | C10: SPCC-SD | D10: 1010128001 | E10: GINFONG | F10: GINFONG | G10: CR | H10: SPCC | I10: 2.8 | J10: 140.5 | K10: COIL | L10: 2180 | M10: 2633 | N10: 0 | O10: 1017 | P10: 616 | Q10: 0 | R10: 0 | S10: 0 | T10: 0 | U10: 0 | V10: 0 | W10: 0 | X10: 0 | Y10: 0 | Z10: 1582 | AA10: =SUMIF([1]SA007!$C:$C,'SA007 2025.01-2026.05 '!$D10,[1]SA007!P:P) -> 1040 | AB10: =SUMIF([1]SA007!$C:$C,'SA007 2025.01-2026.05 '!$D10,[1]SA007!Q:Q) -> 0 | AC10: =SUM(L10:AB10) -> 9068 | AD10: =AVERAGE(L10:AB10) -> 533.41176 | AE10: เน้นผิวและคุณภาพ _x000D_ ห่อพลาสติกใส ล้มวางไม้พาเลท 1 แถบ/พาเลท_x000D_ ครีบคว่ำ ครีบหงาย แยกพาเลท FG ระบุพาเลทและคีบคว่ำหงายลง Remark ในระบบด้วย | AG10: =SUMIF([1]SO003!$H:$H,'SA007 2025.01-2026.05 '!$D10,[1]SO003!AF:AF) -> 0 | AH10: =SUMIF([1]SO003!$H:$H,'SA007 2025.01-2026.05 '!$D10,[1]SO003!AH:AH) -> 0 | AI10: =SUMIF([1]SO003!$H:$H,'SA007 2025.01-2026.05 '!$D10,[1]SO003!AJ:AJ) -> 0
A11: SGCC-Z22_0.8_1350_CHINA STEEL | B11: SGCC-Z18 | C11: SGCC-Z18 | D11: SGUR-0012-(65) | E11: UKKARIT | F11: UKKARIT | G11: GI | H11: GI/SGCC-Z18/Z22 | I11: 0.8 | J11: 320 | K11: 760 | L11: 0 | M11: 764 | N11: 743 | O11: 0 | P11: 0 | Q11: 744 | R11: 1492 | S11: 0 | T11: 1572 | U11: 0 | V11: 0 | W11: 0 | X11: 0 | Y11: 0 | Z11: 0 | AA11: =SUMIF([1]SA007!$C:$C,'SA007 2025.01-2026.05 '!$D11,[1]SA007!P:P) -> 0 | AB11: =SUMIF([1]SA007!$C:$C,'SA007 2025.01-2026.05 '!$D11,[1]SA007!Q:Q) -> 0 | AC11: =SUM(L11:AB11) -> 5315 | AD11: =AVERAGE(L11:AB11) -> 312.64706 | AE11: เน้นผิวและคุณภาพ_x000D_ ห่อพลาสติกใส วางไม้พาเลท วาง 3 แถว_x000D_ | AG11: =SUMIF([1]SO003!$H:$H,'SA007 2025.01-2026.05 '!$D11,[1]SO003!AF:AF) -> 0 | AH11: =SUMIF([1]SO003!$H:$H,'SA007 2025.01-2026.05 '!$D11,[1]SO003!AH:AH) -> 0 | AI11: =SUMIF([1]SO003!$H:$H,'SA007 2025.01-2026.05 '!$D11,[1]SO003!AJ:AJ) -> 0
A12: SGCC-Z27_1.5_1219_POSCO/BAO | B12: SGCC-Z18 | C12: SGCC-Z18 | D12: 1010415004 | E12: GINFONG | F12: GINFONG | G12: GI | H12: SGCC Z18 | I12: 1.5 | J12: 135.2 | K12: COIL | L12: 2805 | M12: 2140 | N12: 4058 | O12: 1351 | P12: 0 | Q12: 1962 | R12: 1383 | S12: 1152 | T12: 4994 | U12: 4018 | V12: 0 | W12: 1965 | X12: 674 | Y12: 0 | Z12: 0 | AA12: =SUMIF([1]SA007!$C:$C,'SA007 2025.01-2026.05 '!$D12,[1]SA007!P:P) -> 2272 | AB12: =SUMIF([1]SA007!$C:$C,'SA007 2025.01-2026.05 '!$D12,[1]SA007!Q:Q) -> 3245 | AC12: =SUM(L12:AB12) -> 32019 | AD12: =AVERAGE(L12:AB12) -> 1883.4706 | AE12: ห่อพลาสติกใส ล้มวางไม้พาเลท 1 แถบ/พาเลท ครีบคว่ำ ครีบหงาย FG ระบุพาเลทและคีบคว่ำหงายลง Remark ในระบบด้วย ลูกค้าเน้นสีผิวแมทห้ามมีสีต่างกัน_x000D_ INSPECTION DATA_x000D_ | AG12: =SUMIF([1]SO003!$H:$H,'SA007 2025.01-2026.05 '!$D12,[1]SO003!AF:AF) -> 7200 | AH12: =SUMIF([1]SO003!$H:$H,'SA007 2025.01-2026.05 '!$D12,[1]SO003!AH:AH) -> 2547 | AI12: =SUMIF([1]SO003!$H:$H,'SA007 2025.01-2026.05 '!$D12,[1]SO003!AJ:AJ) -> 1553
A13: SECC-16/16_0.8_1219_Common | B13: SECC-16/16 | C13: SECC | D13: 1010508003 | E13: GINFONG | F13: GINFONG | G13: EG | H13: SECC | I13: 0.8 | J13: 68 | K13: COIL | L13: 0 | M13: 1606 | N13: 0 | O13: 1846 | P13: 0 | Q13: 1822 | R13: 1129 | S13: 0 | T13: 2635 | U13: 1485 | V13: 966 | W13: 1303 | X13: 555 | Y13: 0 | Z13: 3250 | AA13: =SUMIF([1]SA007!$C:$C,'SA007 2025.01-2026.05 '!$D13,[1]SA007!P:P) -> 0 | AB13: =SUMIF([1]SA007!$C:$C,'SA007 2025.01-2026.05 '!$D13,[1]SA007!Q:Q) -> 0 | AC13: =SUM(L13:AB13) -> 16597 | AD13: =AVERAGE(L13:AB13) -> 976.29412 | AE13: ลูกค้าเน้น ห้ามมีรอย Roller Mark รัดสายเขียว 2 เส้น ครีบคว่ำ ครีบหงาย แยกพาเลท ไม้คั่น 40 mm._x000D_ ครีบคว่ำ ครีบหงาย แยกพาเลท FG ระบุพาเลทและคีบคว่ำหงายลง Remark ในระบบด้วย | AG13: =SUMIF([1]SO003!$H:$H,'SA007 2025.01-2026.05 '!$D13,[1]SO003!AF:AF) -> 1000 | AH13: =SUMIF([1]SO003!$H:$H,'SA007 2025.01-2026.05 '!$D13,[1]SO003!AH:AH) -> 0 | AI13: =SUMIF([1]SO003!$H:$H,'SA007 2025.01-2026.05 '!$D13,[1]SO003!AJ:AJ) -> 1000
A14: SECC-E16/E16_1_1180_Common | B14: SECC-16/16 | C14: SECC | D14: 1010510009 | E14: GINFONG | F14: GINFONG | G14: EG | H14: SECC | I14: 1 | J14: 124 | K14: COIL | L14: 5384 | M14: 12258 | N14: 0 | O14: 4241 | P14: 10960 | Q14: 5491 | R14: 7016.5 | S14: 12001 | T14: 0 | U14: 765 | V14: 3500 | W14: 0 | X14: 1621 | Y14: 0 | Z14: 0 | AA14: =SUMIF([1]SA007!$C:$C,'SA007 2025.01-2026.05 '!$D14,[1]SA007!P:P) -> 0 | AB14: =SUMIF([1]SA007!$C:$C,'SA007 2025.01-2026.05 '!$D14,[1]SA007!Q:Q) -> 0 | AC14: =SUM(L14:AB14) -> 63237.5 | AD14: =AVERAGE(L14:AB14) -> 3719.8529 | AE14: ลูกค้าไม่ยอมรับรอย Roller Mark, ห่อพลาสติกใส ล้มวางไม้พาเลท 2 แถบ/พาเลท ** มีไม้คั่น ** ครีบคว่ำ ครีบหงาย แยกพาเลท FG ระบุพาเลทและคีบคว่ำหงายลง Remark ในระบบด้วย_x000D_ แนบ INSPECTION DATA | AG14: =SUMIF([1]SO003!$H:$H,'SA007 2025.01-2026.05 '!$D14,[1]SO003!AF:AF) -> 0 | AH14: =SUMIF([1]SO003!$H:$H,'SA007 2025.01-2026.05 '!$D14,[1]SO003!AH:AH) -> 0 | AI14: =SUMIF([1]SO003!$H:$H,'SA007 2025.01-2026.05 '!$D14,[1]SO003!AJ:AJ) -> 0
A15: SECD_0.5_1219_Common | B15: SECCD | C15: SECCD | D15: 1011405004 | E15: GINFONG | F15: GINFONG | G15: EG | H15: SECD | I15: 0.5 | J15: 179 | K15: COIL | L15: 1866 | M15: 3555 | N15: 1654 | O15: 2177 | P15: 0 | Q15: 0 | R15: 0 | S15: 0 | T15: 1112 | U15: 1033 | V15: 1442 | W15: 0 | X15: 1101 | Y15: 0 | Z15: 1587 | AA15: =SUMIF([1]SA007!$C:$C,'SA007 2025.01-2026.05 '!$D15,[1]SA007!P:P) -> 411 | AB15: =SUMIF([1]SA007!$C:$C,'SA007 2025.01-2026.05 '!$D15,[1]SA007!Q:Q) -> 1528 | AC15: =SUM(L15:AB15) -> 17466 | AD15: =AVERAGE(L15:AB15) -> 1027.4118 | AE15: เน้นผิวและคุณภาพ, ห่อพลาสติกใส ล้มวางไม้พาเลท 1 แถบ/พาเลท_x000D_ ลูกค้ายอมรับรอย Roller mark ได้ให้รอยอยู่ด้านในของม้วน Maker BAO/CSC น้ำหนัก 1,000 kg./Pallat น้ำหนัก 400-600 kg./Coil แนบ INSPECTION_x000D__x000D_ ครีบคว่ำ ครีบหงาย แยกพาเลท | AG15: =SUMIF([1]SO003!$H:$H,'SA007 2025.01-2026.05 '!$D15,[1]SO003!AF:AF) -> 500 | AH15: =SUMIF([1]SO003!$H:$H,'SA007 2025.01-2026.05 '!$D15,[1]SO003!AH:AH) -> 0 | AI15: =SUMIF([1]SO003!$H:$H,'SA007 2025.01-2026.05 '!$D15,[1]SO003!AJ:AJ) -> 500
A16: SGCC-Z22_0.8_1350_CHINA STEEL | B16: SGCC-Z18 | C16: SGCC-Z18 | D16: SGUR-0012-(66) | E16: UKKARIT | F16: UKKARIT | G16: GI | H16: GI/SGCC-Z18/Z22 | I16: 0.8 | J16: 320 | K16: 1060 | L16: 0 | M16: 1064 | N16: 2042 | O16: 0 | P16: 0 | Q16: 1040 | R16: 2076 | S16: 2544 | T16: 2054 | U16: 0 | V16: 0 | W16: 0 | X16: 0 | Y16: 0 | Z16: 0 | AA16: =SUMIF([1]SA007!$C:$C,'SA007 2025.01-2026.05 '!$D16,[1]SA007!P:P) -> 0 | AB16: =SUMIF([1]SA007!$C:$C,'SA007 2025.01-2026.05 '!$D16,[1]SA007!Q:Q) -> 0 | AC16: =SUM(L16:AB16) -> 10820 | AD16: =AVERAGE(L16:AB16) -> 636.47059 | AE16: เน้นผิวและคุณภาพ ห่อพลาสติกใส วางไม้พาเลท วาง 1 แถว_x000D_ แนบ INSPECTION_x000D_ | AG16: =SUMIF([1]SO003!$H:$H,'SA007 2025.01-2026.05 '!$D16,[1]SO003!AF:AF) -> 0 | AH16: =SUMIF([1]SO003!$H:$H,'SA007 2025.01-2026.05 '!$D16,[1]SO003!AH:AH) -> 0 | AI16: =SUMIF([1]SO003!$H:$H,'SA007 2025.01-2026.05 '!$D16,[1]SO003!AJ:AJ) -> 0
A17: SPCC-SD_0.4_1219_Common | B17: SPCC-SD | C17: SPCC-SD | D17: 0.400X90.00XCOIL | E17: SHENGTAI | F17: SHENGTAI | G17: CR | H17: SPCC | I17: 0.4 | J17: 90 | K17: COIL | L17: 0 | M17: 1325 | N17: 0 | O17: 831 | P17: 1080 | Q17: 798 | R17: 1624 | S17: 0 | T17: 0 | U17: 960 | V17: 0 | W17: 1076 | X17: 1329 | Y17: 0 | Z17: 624 | AA17: =SUMIF([1]SA007!$C:$C,'SA007 2025.01-2026.05 '!$D17,[1]SA007!P:P) -> 624 | AB17: =SUMIF([1]SA007!$C:$C,'SA007 2025.01-2026.05 '!$D17,[1]SA007!Q:Q) -> 0 | AC17: =SUM(L17:AB17) -> 10271 | AD17: =AVERAGE(L17:AB17) -> 604.17647 | AE17: ห่อพลาสติกใส ล้มวางไม้พาเลท แนบ INSPECTION DATA_x000D_ | AG17: =SUMIF([1]SO003!$H:$H,'SA007 2025.01-2026.05 '!$D17,[1]SO003!AF:AF) -> 0 | AH17: =SUMIF([1]SO003!$H:$H,'SA007 2025.01-2026.05 '!$D17,[1]SO003!AH:AH) -> 0 | AI17: =SUMIF([1]SO003!$H:$H,'SA007 2025.01-2026.05 '!$D17,[1]SO003!AJ:AJ) -> 0
A18: SPCC-SD_0.4_1219_Common | B18: SPCC-SD | C18: SPCC-SD | D18: 0.4X116XCOIL | E18: SHENGTAI | F18: SHENGTAI | G18: CR | H18: SPCC | I18: 0.4 | J18: 116 | K18: COIL | L18: 0 | M18: 295 | N18: 0 | O18: 290 | P18: 1473 | Q18: 1028 | R18: 0 | S18: 0 | T18: 0 | U18: 0 | V18: 2060 | W18: 0 | X18: 0 | Y18: 0 | Z18: 1342 | AA18: =SUMIF([1]SA007!$C:$C,'SA007 2025.01-2026.05 '!$D18,[1]SA007!P:P) -> 0 | AB18: =SUMIF([1]SA007!$C:$C,'SA007 2025.01-2026.05 '!$D18,[1]SA007!Q:Q) -> 0 | AC18: =SUM(L18:AB18) -> 6488 | AD18: =AVERAGE(L18:AB18) -> 381.64706 | AE18: WEIGHT MAX 1,000 KG._x000D_ ห่อพลาสติกใส ล้มวางพาเลทไม้ | AG18: =SUMIF([1]SO003!$H:$H,'SA007 2025.01-2026.05 '!$D18,[1]SO003!AF:AF) -> 0 | AH18: =SUMIF([1]SO003!$H:$H,'SA007 2025.01-2026.05 '!$D18,[1]SO003!AH:AH) -> 0 | AI18: =SUMIF([1]SO003!$H:$H,'SA007 2025.01-2026.05 '!$D18,[1]SO003!AJ:AJ) -> 0
A19: SPCC-SD_0.4_1219_Common | B19: SPCC-SD | C19: SPCC-SD | D19: 0.4X130.5XCOIL | E19: SHENGTAI | F19: SHENGTAI | G19: CR | H19: SPCC | I19: 0.4 | J19: 130.5 | K19: COIL | L19: 0 | M19: 2724 | N19: 2765 | O19: 0 | P19: 4544 | Q19: 0 | R19: 2112 | S19: 3482 | T19: 0 | U19: 3140 | V19: 2310 | W19: 0 | X19: 3351 | Y19: 1711 | Z19: 0 | AA19: =SUMIF([1]SA007!$C:$C,'SA007 2025.01-2026.05 '!$D19,[1]SA007!P:P) -> 1298 | AB19: =SUMIF([1]SA007!$C:$C,'SA007 2025.01-2026.05 '!$D19,[1]SA007!Q:Q) -> 0 | AC19: =SUM(L19:AB19) -> 27437 | AD19: =AVERAGE(L19:AB19) -> 1613.9412 | AE19: ห่อพลาสติกใส ล้มวางไม้พาเลท แนบ INSPECTION DATA_x000D_ | AG19: =SUMIF([1]SO003!$H:$H,'SA007 2025.01-2026.05 '!$D19,[1]SO003!AF:AF) -> 0 | AH19: =SUMIF([1]SO003!$H:$H,'SA007 2025.01-2026.05 '!$D19,[1]SO003!AH:AH) -> 0 | AI19: =SUMIF([1]SO003!$H:$H,'SA007 2025.01-2026.05 '!$D19,[1]SO003!AJ:AJ) -> 0
A20: SPCC-SD_0.5_1219_Common | B20: SPCC-SD | C20: SPCC-SD | D20: 0.500X27.00XCOIL | E20: MING TAI | F20: MING TAI | G20: CR | H20: SPCC-SD | I20: 0.5 | J20: 27 | K20: C | L20: 73 | M20: 0 | N20: 0 | O20: 0 | P20: 0 | Q20: 0 | R20: 0 | S20: 0 | T20: 0 | U20: 0 | V20: 0 | W20: 0 | X20: 0 | Y20: 0 | Z20: 0 | AA20: =SUMIF([1]SA007!$C:$C,'SA007 2025.01-2026.05 '!$D20,[1]SA007!P:P) -> 0 | AB20: =SUMIF([1]SA007!$C:$C,'SA007 2025.01-2026.05 '!$D20,[1]SA007!Q:Q) -> 0 | AC20: =SUM(L20:AB20) -> 73 | AD20: =AVERAGE(L20:AB20) -> 4.2941176 | AE20: EYE UP. | AG20: =SUMIF([1]SO003!$H:$H,'SA007 2025.01-2026.05 '!$D20,[1]SO003!AF:AF) -> 0 | AH20: =SUMIF([1]SO003!$H:$H,'SA007 2025.01-2026.05 '!$D20,[1]SO003!AH:AH) -> 0 | AI20: =SUMIF([1]SO003!$H:$H,'SA007 2025.01-2026.05 '!$D20,[1]SO003!AJ:AJ) -> 0
A21: SECC-16/16_0.5_1219_Common | B21: SECC-16/16 | C21: SECC | D21: 0.500X70.00XCOIL | E21: FEITI | F21: FEITI | G21: EG | H21: SECC | I21: 0.5 | J21: 70 | K21: COIL | L21: 0 | M21: 0 | N21: 195 | O21: 0 | P21: 504 | Q21: 0 | R21: 0 | S21: 0 | T21: 0 | U21: 0 | V21: 0 | W21: 0 | X21: 0 | Y21: 0 | Z21: 0 | AA21: =SUMIF([1]SA007!$C:$C,'SA007 2025.01-2026.05 '!$D21,[1]SA007!P:P) -> 0 | AB21: =SUMIF([1]SA007!$C:$C,'SA007 2025.01-2026.05 '!$D21,[1]SA007!Q:Q) -> 0 | AC21: =SUM(L21:AB21) -> 699 | AD21: =AVERAGE(L21:AB21) -> 41.117647 | AE21: เน้นผิวและคุณภาพ_x000D_ น้ำหนัก 500-1000 กก. ห่อพลาสติกใส ล้มวางไม้ 3 แถบ/พาเลท มีไม้คั่น_x000D_ ลูกค้ายอมรับรอย Roller mark ได้ | AG21: =SUMIF([1]SO003!$H:$H,'SA007 2025.01-2026.05 '!$D21,[1]SO003!AF:AF) -> 0 | AH21: =SUMIF([1]SO003!$H:$H,'SA007 2025.01-2026.05 '!$D21,[1]SO003!AH:AH) -> 0 | AI21: =SUMIF([1]SO003!$H:$H,'SA007 2025.01-2026.05 '!$D21,[1]SO003!AJ:AJ) -> 0
A22: SGCD1-Z08_0.5_1219_Common | B22: SGCD | C22: SGCD | D22: 0.50X170.00XCOIL | E22: GINFONG | F22: GINFONG | G22: GI | H22: SGCD | I22: 0.5 | J22: 170 | K22: COIL | L22: 1486 | M22: 2648 | N22: 2269.3 | O22: 1484 | P22: 0 | Q22: 0 | R22: 966 | S22: 0 | T22: 1083 | U22: 1070 | V22: 1591 | W22: 0 | X22: 2238 | Y22: 0 | Z22: 1361 | AA22: =SUMIF([1]SA007!$C:$C,'SA007 2025.01-2026.05 '!$D22,[1]SA007!P:P) -> 0 | AB22: =SUMIF([1]SA007!$C:$C,'SA007 2025.01-2026.05 '!$D22,[1]SA007!Q:Q) -> 1050 | AC22: =SUM(L22:AB22) -> 17246.3 | AD22: =AVERAGE(L22:AB22) -> 1014.4882 | AE22: QC เช็คผิวเหล็กก่อนทำการตัด_x000D_ ลูกค้าเน้นสีผิวเหล็ก ไม่มีลายตามตัวอย่าง Approve วันที่ 02/03/2023 เช็คผิวเหล็กจริงได้ที่ห้องคิวซี คุณภควัต_x000D_ ใช้ Maker BAO/CSC/POSCO_x000D_ น้ำหนัก 1,000 kg./Palat น้ำหนัก 400-800 kg./Coil_x000D_ น้ำหนักตามชั่งจริง_x000D_ ครีบคว่ำ ครีบหงาย | AG22: =SUMIF([1]SO003!$H:$H,'SA007 2025.01-2026.05 '!$D22,[1]SO003!AF:AF) -> 0 | AH22: =SUMIF([1]SO003!$H:$H,'SA007 2025.01-2026.05 '!$D22,[1]SO003!AH:AH) -> 0 | AI22: =SUMIF([1]SO003!$H:$H,'SA007 2025.01-2026.05 '!$D22,[1]SO003!AJ:AJ) -> 0
A23: SPCC-SD_0.5_1219_Common | B23: SPCC-SD | C23: SPCC-SD | D23: 0.50x370x600 | E23: SAN HO PRECISION | F23: SAN HO PRECISION | G23: CR | H23: SPCC | I23: 0.5 | J23: 370 | K23: 600 | L23: 0 | M23: 0 | N23: 107 | O23: 0 | P23: 0 | Q23: 0 | R23: 0 | S23: 0 | T23: 0 | U23: 0 | V23: 0 | W23: 0 | X23: 0 | Y23: 0 | Z23: 0 | AA23: =SUMIF([1]SA007!$C:$C,'SA007 2025.01-2026.05 '!$D23,[1]SA007!P:P) -> 0 | AB23: =SUMIF([1]SA007!$C:$C,'SA007 2025.01-2026.05 '!$D23,[1]SA007!Q:Q) -> 0 | AC23: =SUM(L23:AB23) -> 107 | AD23: =AVERAGE(L23:AB23) -> 6.2941176 | AG23: =SUMIF([1]SO003!$H:$H,'SA007 2025.01-2026.05 '!$D23,[1]SO003!AF:AF) -> 0 | AH23: =SUMIF([1]SO003!$H:$H,'SA007 2025.01-2026.05 '!$D23,[1]SO003!AH:AH) -> 0 | AI23: =SUMIF([1]SO003!$H:$H,'SA007 2025.01-2026.05 '!$D23,[1]SO003!AJ:AJ) -> 0
A24: SPCC-SD_0.5_1219_Common | B24: SPCC-SD | C24: SPCC-SD | D24: 0.50x488X610 | E24: SAN HO PRECISION | F24: SAN HO PRECISION | G24: CR | H24: SPCC | I24: 0.5 | J24: 488 | K24: 610 | L24: 0 | M24: 1223 | N24: 3067 | O24: 0 | P24: 0 | Q24: 0 | R24: 0 | S24: 0 | T24: 0 | U24: 0 | V24: 0 | W24: 956 | X24: 0 | Y24: 0 | Z24: 0 | AA24: =SUMIF([1]SA007!$C:$C,'SA007 2025.01-2026.05 '!$D24,[1]SA007!P:P) -> 813 | AB24: =SUMIF([1]SA007!$C:$C,'SA007 2025.01-2026.05 '!$D24,[1]SA007!Q:Q) -> 0 | AC24: =SUM(L24:AB24) -> 6059 | AD24: =AVERAGE(L24:AB24) -> 356.41176 | AG24: =SUMIF([1]SO003!$H:$H,'SA007 2025.01-2026.05 '!$D24,[1]SO003!AF:AF) -> 1448.8086 | AH24: =SUMIF([1]SO003!$H:$H,'SA007 2025.01-2026.05 '!$D24,[1]SO003!AH:AH) -> 1369.3578 | AI24: =SUMIF([1]SO003!$H:$H,'SA007 2025.01-2026.05 '!$D24,[1]SO003!AJ:AJ) -> 79.450792
A25: SECC-16/16_0.5_1219_Common | B25: SECC-16/16 | C25: SECC | D25: 0.5x163xCoil | E25: XINGGAOSHENG | F25: XINGGAOSHENG | G25: EG | H25: SECC | I25: 0.5 | J25: 163 | K25: COIL | L25: 0 | M25: 0 | N25: 0 | O25: 0 | P25: 0 | Q25: 0 | R25: 0 | S25: 0 | T25: 0 | U25: 0 | V25: 0 | W25: 0 | X25: 0 | Y25: 0 | Z25: 0 | AA25: =SUMIF([1]SA007!$C:$C,'SA007 2025.01-2026.05 '!$D25,[1]SA007!P:P) -> 0 | AB25: =SUMIF([1]SA007!$C:$C,'SA007 2025.01-2026.05 '!$D25,[1]SA007!Q:Q) -> 0 | AC25: =SUM(L25:AB25) -> 0 | AD25: =AVERAGE(L25:AB25) -> 0 | AG25: =SUMIF([1]SO003!$H:$H,'SA007 2025.01-2026.05 '!$D25,[1]SO003!AF:AF) -> 0 | AH25: =SUMIF([1]SO003!$H:$H,'SA007 2025.01-2026.05 '!$D25,[1]SO003!AH:AH) -> 0 | AI25: =SUMIF([1]SO003!$H:$H,'SA007 2025.01-2026.05 '!$D25,[1]SO003!AJ:AJ) -> 0
A26: SGCC-Z22_0.8_1350_CHINA STEEL | B26: SGCC-Z18 | C26: SGCC-Z18 | D26: SGUR-0012-(67) | E26: UKKARIT | F26: UKKARIT | G26: GI | H26: GI/SGCC-Z18/Z22 | I26: 0.8 | J26: 320 | K26: 1460 | L26: 0 | M26: 1459 | N26: 2824 | O26: 0 | P26: 0 | Q26: 2912 | R26: 0 | S26: 2920 | T26: 2802 | U26: 0 | V26: 0 | W26: 0 | X26: 0 | Y26: 0 | Z26: 0 | AA26: =SUMIF([1]SA007!$C:$C,'SA007 2025.01-2026.05 '!$D26,[1]SA007!P:P) -> 0 | AB26: =SUMIF([1]SA007!$C:$C,'SA007 2025.01-2026.05 '!$D26,[1]SA007!Q:Q) -> 0 | AC26: =SUM(L26:AB26) -> 12917 | AD26: =AVERAGE(L26:AB26) -> 759.82353 | AE26: เน้นผิวและคุณภาพ ห่อพลาสติกใส วางไม้พาเลท วาง 1 แถว_x000D_ แนบ INSPECTION_x000D_ | AG26: =SUMIF([1]SO003!$H:$H,'SA007 2025.01-2026.05 '!$D26,[1]SO003!AF:AF) -> 0 | AH26: =SUMIF([1]SO003!$H:$H,'SA007 2025.01-2026.05 '!$D26,[1]SO003!AH:AH) -> 0 | AI26: =SUMIF([1]SO003!$H:$H,'SA007 2025.01-2026.05 '!$D26,[1]SO003!AJ:AJ) -> 0
A27: SPCC-SD_0.5_1219_Common | B27: SPCC-SD | C27: SPCC-SD | D27: 0.5x200xCoil | E27: SAN HO PRECISION | F27: SAN HO PRECISION | G27: CR | H27: SPCC | I27: 0.5 | J27: 200 | K27: C | L27: 0 | M27: 0 | N27: 1062 | O27: 0 | P27: 0 | Q27: 0 | R27: 0 | S27: 0 | T27: 0 | U27: 2418 | V27: 0 | W27: 0 | X27: 0 | Y27: 0 | Z27: 0 | AA27: =SUMIF([1]SA007!$C:$C,'SA007 2025.01-2026.05 '!$D27,[1]SA007!P:P) -> 0 | AB27: =SUMIF([1]SA007!$C:$C,'SA007 2025.01-2026.05 '!$D27,[1]SA007!Q:Q) -> 0 | AC27: =SUM(L27:AB27) -> 3480 | AD27: =AVERAGE(L27:AB27) -> 204.70588 | AE27: SCRAP OVER 10mm RETURN CUSTOMER! | AG27: =SUMIF([1]SO003!$H:$H,'SA007 2025.01-2026.05 '!$D27,[1]SO003!AF:AF) -> 0 | AH27: =SUMIF([1]SO003!$H:$H,'SA007 2025.01-2026.05 '!$D27,[1]SO003!AH:AH) -> 0 | AI27: =SUMIF([1]SO003!$H:$H,'SA007 2025.01-2026.05 '!$D27,[1]SO003!AJ:AJ) -> 0
A28: SGCC-Z22_0.8_1350_CHINA STEEL | B28: SGCC-Z18 | C28: SGCC-Z18 | D28: SGUR-0012-(74) | E28: UKKARIT | F28: UKKARIT | G28: GI | H28: GI/SGCC-Z18/Z22 | I28: 0.8 | J28: 102.8 | K28: 738.8 | L28: 953 | M28: 951 | N28: 922 | O28: 0 | P28: 705 | Q28: 0 | R28: 0 | S28: 1165 | T28: 0 | U28: 460 | V28: 1392 | W28: 0 | X28: 0 | Y28: 0 | Z28: 0 | AA28: =SUMIF([1]SA007!$C:$C,'SA007 2025.01-2026.05 '!$D28,[1]SA007!P:P) -> 0 | AB28: =SUMIF([1]SA007!$C:$C,'SA007 2025.01-2026.05 '!$D28,[1]SA007!Q:Q) -> 0 | AC28: =SUM(L28:AB28) -> 6548 | AD28: =AVERAGE(L28:AB28) -> 385.17647 | AE28: เน้นผิวและคุณภาพ_x000D_ ห่อพลาสติกใส วางไม้พาเลท วาง 3 แถว_x000D_ | AG28: =SUMIF([1]SO003!$H:$H,'SA007 2025.01-2026.05 '!$D28,[1]SO003!AF:AF) -> 0 | AH28: =SUMIF([1]SO003!$H:$H,'SA007 2025.01-2026.05 '!$D28,[1]SO003!AH:AH) -> 0 | AI28: =SUMIF([1]SO003!$H:$H,'SA007 2025.01-2026.05 '!$D28,[1]SO003!AJ:AJ) -> 0
A29: SECC-16/16_0.5_1219_Common | B29: SECC-16/16 | C29: SECC | D29: 0.5x472xCoil | E29: XINGGAOSHENG | F29: XINGGAOSHENG | G29: EG | H29: SECC | I29: 0.5 | J29: 472 | K29: COIL | L29: 0 | M29: 0 | N29: 0 | O29: 0 | P29: 0 | Q29: 0 | R29: 0 | S29: 0 | T29: 0 | U29: 0 | V29: 0 | W29: 0 | X29: 0 | Y29: 0 | Z29: 0 | AA29: =SUMIF([1]SA007!$C:$C,'SA007 2025.01-2026.05 '!$D29,[1]SA007!P:P) -> 0 | AB29: =SUMIF([1]SA007!$C:$C,'SA007 2025.01-2026.05 '!$D29,[1]SA007!Q:Q) -> 0 | AC29: =SUM(L29:AB29) -> 0 | AD29: =AVERAGE(L29:AB29) -> 0 | AG29: =SUMIF([1]SO003!$H:$H,'SA007 2025.01-2026.05 '!$D29,[1]SO003!AF:AF) -> 0 | AH29: =SUMIF([1]SO003!$H:$H,'SA007 2025.01-2026.05 '!$D29,[1]SO003!AH:AH) -> 0 | AI29: =SUMIF([1]SO003!$H:$H,'SA007 2025.01-2026.05 '!$D29,[1]SO003!AJ:AJ) -> 0
A30: SECC-16/16_0.5_1219_Common | B30: SECC-16/16 | C30: SECC | D30: 0.5x67xCoil | E30: XINGGAOSHENG | F30: XINGGAOSHENG | G30: EG | H30: SECC | I30: 0.5 | J30: 67 | K30: COIL | L30: 0 | M30: 0 | N30: 0 | O30: 0 | P30: 0 | Q30: 0 | R30: 0 | S30: 0 | T30: 0 | U30: 0 | V30: 0 | W30: 0 | X30: 0 | Y30: 0 | Z30: 0 | AA30: =SUMIF([1]SA007!$C:$C,'SA007 2025.01-2026.05 '!$D30,[1]SA007!P:P) -> 0 | AB30: =SUMIF([1]SA007!$C:$C,'SA007 2025.01-2026.05 '!$D30,[1]SA007!Q:Q) -> 0 | AC30: =SUM(L30:AB30) -> 0 | AD30: =AVERAGE(L30:AB30) -> 0 | AG30: =SUMIF([1]SO003!$H:$H,'SA007 2025.01-2026.05 '!$D30,[1]SO003!AF:AF) -> 0 | AH30: =SUMIF([1]SO003!$H:$H,'SA007 2025.01-2026.05 '!$D30,[1]SO003!AH:AH) -> 0 | AI30: =SUMIF([1]SO003!$H:$H,'SA007 2025.01-2026.05 '!$D30,[1]SO003!AJ:AJ) -> 0
A31: SPCC-SD_0.6_1219_Common | B31: SPCC-SD | C31: SPCC-SD | D31: 0.60x500x1000 | E31: SAN HO PRECISION | F31: SAN HO PRECISION | G31: CR | H31: SPCC | I31: 0.6 | J31: 500 | K31: 1000 | L31: 2155 | M31: 0 | N31: 0 | O31: 0 | P31: 0 | Q31: 0 | R31: 0 | S31: 0 | T31: 0 | U31: 0 | V31: 0 | W31: 0 | X31: 0 | Y31: 0 | Z31: 0 | AA31: =SUMIF([1]SA007!$C:$C,'SA007 2025.01-2026.05 '!$D31,[1]SA007!P:P) -> 0 | AB31: =SUMIF([1]SA007!$C:$C,'SA007 2025.01-2026.05 '!$D31,[1]SA007!Q:Q) -> 0 | AC31: =SUM(L31:AB31) -> 2155 | AD31: =AVERAGE(L31:AB31) -> 126.76471 | AG31: =SUMIF([1]SO003!$H:$H,'SA007 2025.01-2026.05 '!$D31,[1]SO003!AF:AF) -> 0 | AH31: =SUMIF([1]SO003!$H:$H,'SA007 2025.01-2026.05 '!$D31,[1]SO003!AH:AH) -> 0 | AI31: =SUMIF([1]SO003!$H:$H,'SA007 2025.01-2026.05 '!$D31,[1]SO003!AJ:AJ) -> 0
A32: SPCC-SD_0.6_1219_Common | B32: SPCC-SD | C32: SPCC-SD | D32: 0.60x55.00xCOIL | E32: DIAMOND SAT | F32: DIAMOND SAT | G32: CR | H32: SPCC | I32: 0.6 | J32: 55 | K32: COIL | L32: 0 | M32: 152 | N32: 0 | O32: 0 | P32: 0 | Q32: 130 | R32: 0 | S32: 0 | T32: 0 | U32: 0 | V32: 0 | W32: 0 | X32: 0 | Y32: 0 | Z32: 0 | AA32: =SUMIF([1]SA007!$C:$C,'SA007 2025.01-2026.05 '!$D32,[1]SA007!P:P) -> 0 | AB32: =SUMIF([1]SA007!$C:$C,'SA007 2025.01-2026.05 '!$D32,[1]SA007!Q:Q) -> 0 | AC32: =SUM(L32:AB32) -> 282 | AD32: =AVERAGE(L32:AB32) -> 16.588235 | AE32: น้ำหนักตัดจริงห้ามเกิน PO หรือต้องไม่เกินน้ำหนักในใบแพลนระบุ ***เน้นย้ำห้ามเกินใบแพลนระบุ*** ห่อพลาสติกใส ล้มวางไม้พาเลท 1 แถบ/พาเลท_x000D_ แนบ INSPECTION DATA_x000D_ | AG32: =SUMIF([1]SO003!$H:$H,'SA007 2025.01-2026.05 '!$D32,[1]SO003!AF:AF) -> 0 | AH32: =SUMIF([1]SO003!$H:$H,'SA007 2025.01-2026.05 '!$D32,[1]SO003!AH:AH) -> 0 | AI32: =SUMIF([1]SO003!$H:$H,'SA007 2025.01-2026.05 '!$D32,[1]SO003!AJ:AJ) -> 0
A33: SECC-16/16_0.6_1219_Common | B33: SECC-16/16 | C33: SECC | D33: 0.6x133xCoil | E33: FEITI | F33: FEITI | G33: EG | H33: SECC | I33: 0.6 | J33: 133 | K33: COIL | L33: 0 | M33: 426 | N33: 830 | O33: 0 | P33: 0 | Q33: 0 | R33: 750 | S33: 822 | T33: 0 | U33: 0 | V33: 0 | W33: 0 | X33: 0 | Y33: 0 | Z33: 0 | AA33: =SUMIF([1]SA007!$C:$C,'SA007 2025.01-2026.05 '!$D33,[1]SA007!P:P) -> 0 | AB33: =SUMIF([1]SA007!$C:$C,'SA007 2025.01-2026.05 '!$D33,[1]SA007!Q:Q) -> 0 | AC33: =SUM(L33:AB33) -> 2828 | AD33: =AVERAGE(L33:AB33) -> 166.35294 | AE33: 0.6X133XCOIL ห่อพลาสติกใส ล้มวางไม้พาเลท 3 แถบ/พาเลท มีไม้คั่น_x000D_ แนบ INSPECTION_x000D_ | AG33: =SUMIF([1]SO003!$H:$H,'SA007 2025.01-2026.05 '!$D33,[1]SO003!AF:AF) -> 0 | AH33: =SUMIF([1]SO003!$H:$H,'SA007 2025.01-2026.05 '!$D33,[1]SO003!AH:AH) -> 0 | AI33: =SUMIF([1]SO003!$H:$H,'SA007 2025.01-2026.05 '!$D33,[1]SO003!AJ:AJ) -> 0
A34: SECC-16/16_0.6_1219_Common | B34: SECC-16/16 | C34: SECC | D34: 0.6x155xCoil | E34: FEITI | F34: FEITI | G34: EG | H34: SECC | I34: 0.6 | J34: 155 | K34: COIL | L34: 0 | M34: 1491 | N34: 1452 | O34: 0 | P34: 0 | Q34: 0 | R34: 828 | S34: 2395 | T34: 0 | U34: 0 | V34: 0 | W34: 0 | X34: 0 | Y34: 0 | Z34: 0 | AA34: =SUMIF([1]SA007!$C:$C,'SA007 2025.01-2026.05 '!$D34,[1]SA007!P:P) -> 0 | AB34: =SUMIF([1]SA007!$C:$C,'SA007 2025.01-2026.05 '!$D34,[1]SA007!Q:Q) -> 0 | AC34: =SUM(L34:AB34) -> 6166 | AD34: =AVERAGE(L34:AB34) -> 362.70588 | AG34: =SUMIF([1]SO003!$H:$H,'SA007 2025.01-2026.05 '!$D34,[1]SO003!AF:AF) -> 0 | AH34: =SUMIF([1]SO003!$H:$H,'SA007 2025.01-2026.05 '!$D34,[1]SO003!AH:AH) -> 0 | AI34: =SUMIF([1]SO003!$H:$H,'SA007 2025.01-2026.05 '!$D34,[1]SO003!AJ:AJ) -> 0
A35: HC340LA_0.6_1120_BAOSHAN | B35: HC340LA | C35: HC340LA | D35: 0.6X556X561 | E35: WISDOM AUTO 1 | F35: WISDOM AUTO 1 | G35: CR | H35: HC340LA | I35: 0.6 | J35: 556 | K35: 561 | L35: 12414 | M35: 18492 | N35: 17067 | O35: 9855 | P35: 17067 | Q35: 17047 | R35: 17033 | S35: 16993 | T35: 17050 | U35: 18452 | V35: 15294 | W35: 10040 | X35: 13514 | Y35: 14899 | Z35: 16438 | AA35: =SUMIF([1]SA007!$C:$C,'SA007 2025.01-2026.05 '!$D35,[1]SA007!P:P) -> 9984 | AB35: =SUMIF([1]SA007!$C:$C,'SA007 2025.01-2026.05 '!$D35,[1]SA007!Q:Q) -> 6999 | AC35: =SUM(L35:AB35) -> 248638 | AD35: =AVERAGE(L35:AB35) -> 14625.765 | AE35: เน้นผิวและคุณภาพ_x000D_ ห่อพลาสติกใส วางไม้พาเลท วาง 1 แถว_x000D_ แนบ INSPECTION DATA_x000D_ | AG35: =SUMIF([1]SO003!$H:$H,'SA007 2025.01-2026.05 '!$D35,[1]SO003!AF:AF) -> 11752.995 | AH35: =SUMIF([1]SO003!$H:$H,'SA007 2025.01-2026.05 '!$D35,[1]SO003!AH:AH) -> 11451.824 | AI35: =SUMIF([1]SO003!$H:$H,'SA007 2025.01-2026.05 '!$D35,[1]SO003!AJ:AJ) -> 301.17049
A36: SPCC-SD_0.7_1219_Common | B36: SPCC-SD | C36: SPCC-SD | D36: 0.70x55.00xCOIL | E36: GINFONG | F36: GINFONG | G36: CR | H36: SPCC-SD | I36: 0.7 | J36: 55 | K36: COIL | L36: 1120 | M36: 4104 | N36: 2152 | O36: 7288 | P36: 4790 | Q36: 2119 | R36: 3392 | S36: 7635 | T36: 3224 | U36: 4248 | V36: 4041 | W36: 4223 | X36: 6657 | Y36: 2763 | Z36: 9853 | AA36: =SUMIF([1]SA007!$C:$C,'SA007 2025.01-2026.05 '!$D36,[1]SA007!P:P) -> 0 | AB36: =SUMIF([1]SA007!$C:$C,'SA007 2025.01-2026.05 '!$D36,[1]SA007!Q:Q) -> 5223 | AC36: =SUM(L36:AB36) -> 72832 | AD36: =AVERAGE(L36:AB36) -> 4284.2353 | AE36: ลูกค้ารับน้ำหนักที่ 310-457 kg./ม้วน แนบ INSPECTION DATA_x000D__x000D_ ห่อพลาสติกใส ล้มวางไม้พาเลท 2 แถบ/เลท ไม้คั่น 40 มม. รัดสายเขียว 2 เส้น ครีบคว่ำ ครีบหงาย แยกพาเลท ครีบคว่ำ ครีบหงาย แยกพาเลท FG ระบุพาเลทและคีบคว่ำหงายลง Remark ในระบบด้วย | AG36: =SUMIF([1]SO003!$H:$H,'SA007 2025.01-2026.05 '!$D36,[1]SO003!AF:AF) -> 10000 | AH36: =SUMIF([1]SO003!$H:$H,'SA007 2025.01-2026.05 '!$D36,[1]SO003!AH:AH) -> 4685 | AI36: =SUMIF([1]SO003!$H:$H,'SA007 2025.01-2026.05 '!$D36,[1]SO003!AJ:AJ) -> 5315
A37: SPCC-SD_0.7_1219_Common | B37: SPCC-SD | C37: SPCC-SD | D37: 0.7X210X570 | E37: SAN HO PRECISION | F37: SAN HO PRECISION | G37: CR | H37: SPCC | I37: 0.7 | J37: 210 | K37: 570 | L37: 0 | M37: 382 | N37: 0 | O37: 0 | P37: 0 | Q37: 0 | R37: 0 | S37: 0 | T37: 0 | U37: 0 | V37: 0 | W37: 0 | X37: 0 | Y37: 0 | Z37: 0 | AA37: =SUMIF([1]SA007!$C:$C,'SA007 2025.01-2026.05 '!$D37,[1]SA007!P:P) -> 1091 | AB37: =SUMIF([1]SA007!$C:$C,'SA007 2025.01-2026.05 '!$D37,[1]SA007!Q:Q) -> 0 | AC37: =SUM(L37:AB37) -> 1473 | AD37: =AVERAGE(L37:AB37) -> 86.647059 | AG37: =SUMIF([1]SO003!$H:$H,'SA007 2025.01-2026.05 '!$D37,[1]SO003!AF:AF) -> 0 | AH37: =SUMIF([1]SO003!$H:$H,'SA007 2025.01-2026.05 '!$D37,[1]SO003!AH:AH) -> 0 | AI37: =SUMIF([1]SO003!$H:$H,'SA007 2025.01-2026.05 '!$D37,[1]SO003!AJ:AJ) -> 0
A38: SPCC-SD_0.8_1219_Common | B38: SPCC-SD | C38: SPCC-SD | D38: 0.80x83.00xCOIL | E38: GINFONG | F38: GINFONG | G38: CR | H38: SPCC-SD | I38: 0.8 | J38: 83 | K38: COIL | L38: 0 | M38: 620 | N38: 0 | O38: 0 | P38: 0 | Q38: 0 | R38: 0 | S38: 734 | T38: 0 | U38: 0 | V38: 0 | W38: 0 | X38: 0 | Y38: 0 | Z38: 0 | AA38: =SUMIF([1]SA007!$C:$C,'SA007 2025.01-2026.05 '!$D38,[1]SA007!P:P) -> 0 | AB38: =SUMIF([1]SA007!$C:$C,'SA007 2025.01-2026.05 '!$D38,[1]SA007!Q:Q) -> 0 | AC38: =SUM(L38:AB38) -> 1354 | AD38: =AVERAGE(L38:AB38) -> 79.647059 | AE38: ห่อพลาสติกใส ล้มวางไม้พาเลท 5 แถบ/พาเลท ** มีไม้คั่น **_x000D_ แนบ INSPECTION DATA_x000D_ รัดสายเขียว 2 เส้น ครีบคว่ำ ครีบหงาย แยกพาเลท_x000D_ ครีบคว่ำ ครีบหงาย แยกพาเลท FG ระบุพาเลทและคีบคว่ำหงายลง Remark ในระบบด้วย | AG38: =SUMIF([1]SO003!$H:$H,'SA007 2025.01-2026.05 '!$D38,[1]SO003!AF:AF) -> 0 | AH38: =SUMIF([1]SO003!$H:$H,'SA007 2025.01-2026.05 '!$D38,[1]SO003!AH:AH) -> 0 | AI38: =SUMIF([1]SO003!$H:$H,'SA007 2025.01-2026.05 '!$D38,[1]SO003!AJ:AJ) -> 0
A39: SECC-16/16_0.8_1219_Common | B39: SECC-20/20 | C39: SECC-20/20 | D39: 0.800X50.00X1219.00 | E39: AAA MANU | F39: AAA MANU | G39: EG | H39: SECC-F20 | I39: 0.8 | J39: 50 | K39: 1219 | L39: 0 | M39: 70 | N39: 108 | O39: 108 | P39: 0 | Q39: 0 | R39: 0 | S39: 0 | T39: 0 | U39: 0 | V39: 0 | W39: 0 | X39: 36 | Y39: 0 | Z39: 0 | AA39: =SUMIF([1]SA007!$C:$C,'SA007 2025.01-2026.05 '!$D39,[1]SA007!P:P) -> 0 | AB39: =SUMIF([1]SA007!$C:$C,'SA007 2025.01-2026.05 '!$D39,[1]SA007!Q:Q) -> 0 | AC39: =SUM(L39:AB39) -> 322 | AD39: =AVERAGE(L39:AB39) -> 18.941176 | AE39: ห่อพลาสติกใส วางพาเลทไม้ | AG39: =SUMIF([1]SO003!$H:$H,'SA007 2025.01-2026.05 '!$D39,[1]SO003!AF:AF) -> 0 | AH39: =SUMIF([1]SO003!$H:$H,'SA007 2025.01-2026.05 '!$D39,[1]SO003!AH:AH) -> 0 | AI39: =SUMIF([1]SO003!$H:$H,'SA007 2025.01-2026.05 '!$D39,[1]SO003!AJ:AJ) -> 0
A40: SGCC-Z22_0.5_1219_Common | B40: SGCC-Z18 | C40: SGCC-Z18 | D40: SGUR-0006-(44) | E40: UKKARIT | F40: UKKARIT | G40: GI | H40: GI/SGCC-Z18/Z22 | I40: 0.5 | J40: 175 | K40: 1135 | L40: 229 | M40: 237 | N40: 0 | O40: 0 | P40: 0 | Q40: 245 | R40: 0 | S40: 0 | T40: 0 | U40: 0 | V40: 127 | W40: 0 | X40: 0 | Y40: 0 | Z40: 398 | AA40: =SUMIF([1]SA007!$C:$C,'SA007 2025.01-2026.05 '!$D40,[1]SA007!P:P) -> 0 | AB40: =SUMIF([1]SA007!$C:$C,'SA007 2025.01-2026.05 '!$D40,[1]SA007!Q:Q) -> 0 | AC40: =SUM(L40:AB40) -> 1236 | AD40: =AVERAGE(L40:AB40) -> 72.705882 | AE40: เน้นผิวและคุณภาพ_x000D_ แนบINSPECTION_x000D_ ห่อพลาสติกใส วางไม้พาเลท | AG40: =SUMIF([1]SO003!$H:$H,'SA007 2025.01-2026.05 '!$D40,[1]SO003!AF:AF) -> 0 | AH40: =SUMIF([1]SO003!$H:$H,'SA007 2025.01-2026.05 '!$D40,[1]SO003!AH:AH) -> 0 | AI40: =SUMIF([1]SO003!$H:$H,'SA007 2025.01-2026.05 '!$D40,[1]SO003!AJ:AJ) -> 0
A41: SGCC-Z22_0.8_1350_CHINA STEEL | B41: SGCC-Z18 | C41: SGCC-Z18 | D41: SGUR-0012-(05) | E41: UKKARIT | F41: UKKARIT | G41: GI | H41: GI-SGCC Z18/Z22 | I41: 0.8 | J41: 459.8 | K41: 1581.6 | L41: 4469 | M41: 0 | N41: 894 | O41: 0 | P41: 2235 | Q41: 0 | R41: 906 | S41: 0 | T41: 1368 | U41: 0 | V41: 765 | W41: 900 | X41: 0 | Y41: 0 | Z41: 0 | AA41: =SUMIF([1]SA007!$C:$C,'SA007 2025.01-2026.05 '!$D41,[1]SA007!P:P) -> 0 | AB41: =SUMIF([1]SA007!$C:$C,'SA007 2025.01-2026.05 '!$D41,[1]SA007!Q:Q) -> 0 | AC41: =SUM(L41:AB41) -> 11537 | AD41: =AVERAGE(L41:AB41) -> 678.64706 | AE41: เน้นผิวและคุณภาพ_x000D_ แนบINSPECTION_x000D_ ห่อพลาสติกใส วางไม้พาเลท | AG41: =SUMIF([1]SO003!$H:$H,'SA007 2025.01-2026.05 '!$D41,[1]SO003!AF:AF) -> 0 | AH41: =SUMIF([1]SO003!$H:$H,'SA007 2025.01-2026.05 '!$D41,[1]SO003!AH:AH) -> 0 | AI41: =SUMIF([1]SO003!$H:$H,'SA007 2025.01-2026.05 '!$D41,[1]SO003!AJ:AJ) -> 0
A42: SGCC-Z18_0.8_1219_CHINA STEEL | B42: SGCC-Z18 | C42: SGCC-Z08 | D42: 14SG08-E07-00 | E42: MING TAI | G42: GI | H42: SGCC | I42: 0.8 | J42: 471 | K42: 390 | L42: 0 | M42: 0 | N42: 0 | O42: 169 | P42: 169 | Q42: 0 | R42: 0 | S42: 0 | T42: 0 | U42: 58 | V42: 113 | W42: 0 | X42: 0 | Y42: 0 | Z42: 385 | AA42: =SUMIF([1]SA007!$C:$C,'SA007 2025.01-2026.05 '!$D42,[1]SA007!P:P) -> 0 | AB42: =SUMIF([1]SA007!$C:$C,'SA007 2025.01-2026.05 '!$D42,[1]SA007!Q:Q) -> 0 | AC42: =SUM(L42:AB42) -> 894 | AD42: =AVERAGE(L42:AB42) -> 52.588235 | AG42: =SUMIF([1]SO003!$H:$H,'SA007 2025.01-2026.05 '!$D42,[1]SO003!AF:AF) -> 0 | AH42: =SUMIF([1]SO003!$H:$H,'SA007 2025.01-2026.05 '!$D42,[1]SO003!AH:AH) -> 0 | AI42: =SUMIF([1]SO003!$H:$H,'SA007 2025.01-2026.05 '!$D42,[1]SO003!AJ:AJ) -> 0
A43: SGCC-Z22_0.8_1350_CHINA STEEL | B43: SGCC-Z18 | C43: SGCC-Z18 | D43: SGUR-0012-(71) | E43: UKKARIT | F43: UKKARIT | G43: GI | H43: GI/SGCC-Z18/Z22 | I43: 0.8 | J43: 102.8 | K43: 1438.4 | L43: 2778 | M43: 2750 | N43: 3601 | O43: 0 | P43: 1371 | Q43: 0 | R43: 0 | S43: 4084 | T43: 0 | U43: 1935 | V43: 0 | W43: 0 | X43: 0 | Y43: 4750 | Z43: 1791 | AA43: =SUMIF([1]SA007!$C:$C,'SA007 2025.01-2026.05 '!$D43,[1]SA007!P:P) -> 0 | AB43: =SUMIF([1]SA007!$C:$C,'SA007 2025.01-2026.05 '!$D43,[1]SA007!Q:Q) -> 0 | AC43: =SUM(L43:AB43) -> 23060 | AD43: =AVERAGE(L43:AB43) -> 1356.4706 | AE43: เน้นผิวและคุณภาพ_x000D_ ห่อพลาสติกใส วางไม้พาเลท วาง 3 แถว_x000D_ | AG43: =SUMIF([1]SO003!$H:$H,'SA007 2025.01-2026.05 '!$D43,[1]SO003!AF:AF) -> 0 | AH43: =SUMIF([1]SO003!$H:$H,'SA007 2025.01-2026.05 '!$D43,[1]SO003!AH:AH) -> 0 | AI43: =SUMIF([1]SO003!$H:$H,'SA007 2025.01-2026.05 '!$D43,[1]SO003!AJ:AJ) -> 0
A44: SGCC-Z18_0.8_1219_CHINA STEEL | B44: SGCC-Z18 | C44: SGCC-Z08 | D44: 14SG08-E08-00 | E44: MING TAI | G44: GI | H44: SGCC | I44: 0.8 | J44: 200 | K44: 438 | L44: 0 | M44: 0 | N44: 0 | O44: 54 | P44: 54 | Q44: 0 | R44: 0 | S44: 0 | T44: 53 | U44: 0 | V44: 55 | W44: 0 | X44: 0 | Y44: 0 | Z44: 162 | AA44: =SUMIF([1]SA007!$C:$C,'SA007 2025.01-2026.05 '!$D44,[1]SA007!P:P) -> 0 | AB44: =SUMIF([1]SA007!$C:$C,'SA007 2025.01-2026.05 '!$D44,[1]SA007!Q:Q) -> 0 | AC44: =SUM(L44:AB44) -> 378 | AD44: =AVERAGE(L44:AB44) -> 22.235294 | AG44: =SUMIF([1]SO003!$H:$H,'SA007 2025.01-2026.05 '!$D44,[1]SO003!AF:AF) -> 0 | AH44: =SUMIF([1]SO003!$H:$H,'SA007 2025.01-2026.05 '!$D44,[1]SO003!AH:AH) -> 0 | AI44: =SUMIF([1]SO003!$H:$H,'SA007 2025.01-2026.05 '!$D44,[1]SO003!AJ:AJ) -> 0
A45: SGCC-Z22_0.8_1350_CHINA STEEL | B45: SGCC-Z18 | C45: SGCC-Z18 | D45: SGUR-0012-(75) | E45: UKKARIT | F45: UKKARIT | G45: GI | H45: GI/SGCC-Z18/Z22 | I45: 0.8 | J45: 102.8 | K45: 1038.8 | L45: 1316 | M45: 1334 | N45: 2577 | O45: 0 | P45: 0 | Q45: 0 | R45: 0 | S45: 2904 | T45: 0 | U45: 1133 | V45: 0 | W45: 0 | X45: 0 | Y45: 2384 | Z45: 1312 | AA45: =SUMIF([1]SA007!$C:$C,'SA007 2025.01-2026.05 '!$D45,[1]SA007!P:P) -> 0 | AB45: =SUMIF([1]SA007!$C:$C,'SA007 2025.01-2026.05 '!$D45,[1]SA007!Q:Q) -> 0 | AC45: =SUM(L45:AB45) -> 12960 | AD45: =AVERAGE(L45:AB45) -> 762.35294 | AE45: เน้นผิวและคุณภาพ_x000D_ ห่อพลาสติกใส วางไม้พาเลท วาง 3 แถว_x000D_ | AG45: =SUMIF([1]SO003!$H:$H,'SA007 2025.01-2026.05 '!$D45,[1]SO003!AF:AF) -> 0 | AH45: =SUMIF([1]SO003!$H:$H,'SA007 2025.01-2026.05 '!$D45,[1]SO003!AH:AH) -> 0 | AI45: =SUMIF([1]SO003!$H:$H,'SA007 2025.01-2026.05 '!$D45,[1]SO003!AJ:AJ) -> 0
A46: SGCC-Z12_0.6_1140_CHINA STEEL | B46: SGCC-Z08 | C46: SGCC | D46: 13SG06-D45-02 | E46: MING TAI | F46: MING TAI | G46: GI | H46: SGCC | I46: 0.6 | J46: 237.5 | K46: 455 | L46: 6244 | M46: 1380 | N46: 0 | O46: 0 | P46: 0 | Q46: 0 | R46: 0 | S46: 0 | T46: 0 | U46: 0 | V46: 0 | W46: 0 | X46: 0 | Y46: 0 | Z46: 0 | AA46: =SUMIF([1]SA007!$C:$C,'SA007 2025.01-2026.05 '!$D46,[1]SA007!P:P) -> 0 | AB46: =SUMIF([1]SA007!$C:$C,'SA007 2025.01-2026.05 '!$D46,[1]SA007!Q:Q) -> 0 | AC46: =SUM(L46:AB46) -> 7624 | AD46: =AVERAGE(L46:AB46) -> 448.47059 | AE46: เน้นผิวและคุณภาพ แนบ INSPECTION ห่อพลาสติกใส วางไม้พาเลท | AG46: =SUMIF([1]SO003!$H:$H,'SA007 2025.01-2026.05 '!$D46,[1]SO003!AF:AF) -> 0 | AH46: =SUMIF([1]SO003!$H:$H,'SA007 2025.01-2026.05 '!$D46,[1]SO003!AH:AH) -> 0 | AI46: =SUMIF([1]SO003!$H:$H,'SA007 2025.01-2026.05 '!$D46,[1]SO003!AJ:AJ) -> 0
A47: SECC-16/16_0.8_1219_Common | B47: SECC-16/16 | C47: SECC | D47: 0.8x164x1219 | E47: XINGGAOSHENG | F47: XINGGAOSHENG | G47: EG | H47: SECC | I47: 0.8 | J47: 1219 | K47: 164 | L47: 0 | M47: 0 | N47: 0 | O47: 0 | P47: 0 | Q47: 0 | R47: 0 | S47: 0 | T47: 0 | U47: 0 | V47: 0 | W47: 0 | X47: 0 | Y47: 0 | Z47: 0 | AA47: =SUMIF([1]SA007!$C:$C,'SA007 2025.01-2026.05 '!$D47,[1]SA007!P:P) -> 0 | AB47: =SUMIF([1]SA007!$C:$C,'SA007 2025.01-2026.05 '!$D47,[1]SA007!Q:Q) -> 0 | AC47: =SUM(L47:AB47) -> 0 | AD47: =AVERAGE(L47:AB47) -> 0 | AG47: =SUMIF([1]SO003!$H:$H,'SA007 2025.01-2026.05 '!$D47,[1]SO003!AF:AF) -> 0 | AH47: =SUMIF([1]SO003!$H:$H,'SA007 2025.01-2026.05 '!$D47,[1]SO003!AH:AH) -> 0 | AI47: =SUMIF([1]SO003!$H:$H,'SA007 2025.01-2026.05 '!$D47,[1]SO003!AJ:AJ) -> 0
A48: SECC-16/16_0.8_1219_Common | B48: SECC-16/16 | C48: SECC | D48: 0.800X110.00XCOIL | E48: AAA MANU | F48: AAA MANU | G48: EG | H48: SECC V2X | I48: 0.8 | J48: 110 | K48: COIL | L48: 634 | M48: 640 | N48: 564 | O48: 932 | P48: 1197 | Q48: 605 | R48: 891 | S48: 891 | T48: 1188 | U48: 610 | V48: 2084 | W48: 1193 | X48: 906 | Y48: 287 | Z48: 1300 | AA48: =SUMIF([1]SA007!$C:$C,'SA007 2025.01-2026.05 '!$D48,[1]SA007!P:P) -> 1200 | AB48: =SUMIF([1]SA007!$C:$C,'SA007 2025.01-2026.05 '!$D48,[1]SA007!Q:Q) -> 840 | AC48: =SUM(L48:AB48) -> 15962 | AD48: =AVERAGE(L48:AB48) -> 938.94118 | AE48: ห่อพลาสติกใส วางพาเลทไม้_x000D_ Wt STD 300 kg./Coil up | AG48: =SUMIF([1]SO003!$H:$H,'SA007 2025.01-2026.05 '!$D48,[1]SO003!AF:AF) -> 0 | AH48: =SUMIF([1]SO003!$H:$H,'SA007 2025.01-2026.05 '!$D48,[1]SO003!AH:AH) -> 0 | AI48: =SUMIF([1]SO003!$H:$H,'SA007 2025.01-2026.05 '!$D48,[1]SO003!AJ:AJ) -> 0
A49: SGCC-F08_1.6_1219_Common | B49: SPGA-D | C49: SPGA-D | D49: 1.60X315X550 | E49: SY MANU | F49: SY MANU | G49: GA | H49: SPGA-D | I49: 1.6 | J49: 315 | K49: 550 | L49: 9130 | M49: 2972 | N49: 3951 | O49: 3384 | P49: 6789 | Q49: 15144 | R49: 4787 | S49: 6913 | T49: 4761 | U49: 3264 | V49: 5981 | W49: 0 | X49: 8210 | Y49: 0 | Z49: 11936 | AA49: =SUMIF([1]SA007!$C:$C,'SA007 2025.01-2026.05 '!$D49,[1]SA007!P:P) -> 5072 | AB49: =SUMIF([1]SA007!$C:$C,'SA007 2025.01-2026.05 '!$D49,[1]SA007!Q:Q) -> 8514 | AC49: =SUM(L49:AB49) -> 100808 | AD49: =AVERAGE(L49:AB49) -> 5929.8824 | AE49: เน้นผิวและคุณภาพ_x000D_ 100 PCS./PACK _x000D_ แนบ INSPECTION_x000D_ | AG49: =SUMIF([1]SO003!$H:$H,'SA007 2025.01-2026.05 '!$D49,[1]SO003!AF:AF) -> 18278.568 | AH49: =SUMIF([1]SO003!$H:$H,'SA007 2025.01-2026.05 '!$D49,[1]SO003!AH:AH) -> 14992.778 | AI49: =SUMIF([1]SO003!$H:$H,'SA007 2025.01-2026.05 '!$D49,[1]SO003!AJ:AJ) -> 3405.4713
A50: SGCC-Z18_1_1219_Common | D50: 1.0 x 34.1 x 582.3 | E50: DIAMOND SAT | G50: GI | H50: SGCC | I50: 1 | J50: 34.1 | K50: 582.3 | L50: 0 | M50: 0 | N50: 0 | O50: 0 | P50: 0 | Q50: 0 | R50: 0 | S50: 0 | T50: 785 | U50: 0 | V50: 0 | W50: 0 | X50: 0 | Y50: 0 | Z50: 0 | AA50: =SUMIF([1]SA007!$C:$C,'SA007 2025.01-2026.05 '!$D50,[1]SA007!P:P) -> 0 | AB50: =SUMIF([1]SA007!$C:$C,'SA007 2025.01-2026.05 '!$D50,[1]SA007!Q:Q) -> 0 | AC50: =SUM(L50:AB50) -> 785 | AD50: =AVERAGE(L50:AB50) -> 46.176471 | AG50: =SUMIF([1]SO003!$H:$H,'SA007 2025.01-2026.05 '!$D50,[1]SO003!AF:AF) -> 0 | AH50: =SUMIF([1]SO003!$H:$H,'SA007 2025.01-2026.05 '!$D50,[1]SO003!AH:AH) -> 0 | AI50: =SUMIF([1]SO003!$H:$H,'SA007 2025.01-2026.05 '!$D50,[1]SO003!AJ:AJ) -> 0
A51: SGCC-Z18_1_1219_Common | D51: PIE 9960 G | E51: YUANDENG | F51: YUANDENG | G51: GI | H51: SGCC | I51: 1 | J51: 186 | K51: 425 | L51: 0 | M51: 0 | N51: 0 | O51: 0 | P51: 0 | Q51: 0 | R51: 0 | S51: 0 | T51: 0 | U51: 0 | V51: 0 | W51: 1830 | X51: 0 | Y51: 0 | Z51: 0 | AA51: =SUMIF([1]SA007!$C:$C,'SA007 2025.01-2026.05 '!$D51,[1]SA007!P:P) -> 0 | AB51: =SUMIF([1]SA007!$C:$C,'SA007 2025.01-2026.05 '!$D51,[1]SA007!Q:Q) -> 0 | AC51: =SUM(L51:AB51) -> 1830 | AD51: =AVERAGE(L51:AB51) -> 107.64706 | AG51: =SUMIF([1]SO003!$H:$H,'SA007 2025.01-2026.05 '!$D51,[1]SO003!AF:AF) -> 0 | AH51: =SUMIF([1]SO003!$H:$H,'SA007 2025.01-2026.05 '!$D51,[1]SO003!AH:AH) -> 0 | AI51: =SUMIF([1]SO003!$H:$H,'SA007 2025.01-2026.05 '!$D51,[1]SO003!AJ:AJ) -> 0
A52: SGCC-Z18_0.8_1219_CHINA STEEL | B52: SGCC-Z18 | C52: SGCC-Z18 | D52: 0.80X155.00X267 | E52: SCN PRECISION | F52: SCN PRECISION | G52: GI | H52: SGCC-Z18 | I52: 0.8 | J52: 155 | K52: 267 | L52: 1015 | M52: 765 | N52: 969 | O52: 1278 | P52: 4192 | Q52: 1945 | R52: 1031 | S52: 958 | T52: 1933 | U52: 0 | V52: 0 | W52: 1391 | X52: 986 | Y52: 1310 | Z52: 1026 | AA52: =SUMIF([1]SA007!$C:$C,'SA007 2025.01-2026.05 '!$D52,[1]SA007!P:P) -> 1415 | AB52: =SUMIF([1]SA007!$C:$C,'SA007 2025.01-2026.05 '!$D52,[1]SA007!Q:Q) -> 1410 | AC52: =SUM(L52:AB52) -> 21624 | AD52: =AVERAGE(L52:AB52) -> 1272 | AE52: 500 แผ่น/แพ็ค เน้นผิวและคุณภาพ ห่อพลาสติกใส วางไม้พาเลท | AG52: =SUMIF([1]SO003!$H:$H,'SA007 2025.01-2026.05 '!$D52,[1]SO003!AF:AF) -> 0 | AH52: =SUMIF([1]SO003!$H:$H,'SA007 2025.01-2026.05 '!$D52,[1]SO003!AH:AH) -> 0 | AI52: =SUMIF([1]SO003!$H:$H,'SA007 2025.01-2026.05 '!$D52,[1]SO003!AJ:AJ) -> 0
A53: SGCC-Z18_0.8_1219_CHINA STEEL | B53: SGCC-Z18 | C53: SGCC-Z18 | D53: 0.80X172.00X190 | E53: SCN PRECISION | F53: SCN PRECISION | G53: GI | H53: SGCC-Z18 | I53: 0.8 | J53: 172 | K53: 190 | L53: 0 | M53: 373 | N53: 1873 | O53: 1010 | P53: 1364 | Q53: 1821 | R53: 1000 | S53: 1005 | T53: 1152 | U53: 1000 | V53: 0 | W53: 1211 | X53: 0 | Y53: 1020 | Z53: 1036 | AA53: =SUMIF([1]SA007!$C:$C,'SA007 2025.01-2026.05 '!$D53,[1]SA007!P:P) -> 1798 | AB53: =SUMIF([1]SA007!$C:$C,'SA007 2025.01-2026.05 '!$D53,[1]SA007!Q:Q) -> 0 | AC53: =SUM(L53:AB53) -> 15663 | AD53: =AVERAGE(L53:AB53) -> 921.35294 | AE53: 500 แผ่น/แพ็ค เน้นผิวและคุณภาพ ห่อพลาสติกใส วางไม้พาเลท | AG53: =SUMIF([1]SO003!$H:$H,'SA007 2025.01-2026.05 '!$D53,[1]SO003!AF:AF) -> 0 | AH53: =SUMIF([1]SO003!$H:$H,'SA007 2025.01-2026.05 '!$D53,[1]SO003!AH:AH) -> 0 | AI53: =SUMIF([1]SO003!$H:$H,'SA007 2025.01-2026.05 '!$D53,[1]SO003!AJ:AJ) -> 0
A54: SPFC540_0.9_1219_Common | B54: SPFC540 | C54: SPFC540 | D54: 0.900X155.00X390.00 | E54: WISDOM AUTO 1 | F54: WISDOM AUTO 1 | G54: HR | H54: SPFC540 | I54: 0.9 | J54: 155 | K54: 390 | L54: 852 | M54: 2709 | N54: 1099 | O54: 0 | P54: 0 | Q54: 0 | R54: 0 | S54: 0 | T54: 0 | U54: 0 | V54: 0 | W54: 0 | X54: 0 | Y54: 0 | Z54: 0 | AA54: =SUMIF([1]SA007!$C:$C,'SA007 2025.01-2026.05 '!$D54,[1]SA007!P:P) -> 0 | AB54: =SUMIF([1]SA007!$C:$C,'SA007 2025.01-2026.05 '!$D54,[1]SA007!Q:Q) -> 0 | AC54: =SUM(L54:AB54) -> 4660 | AD54: =AVERAGE(L54:AB54) -> 274.11765 | AE54: ห่อพลาสติกใส วางพาเลทไม้ 2แถว 2 ตอน | AG54: =SUMIF([1]SO003!$H:$H,'SA007 2025.01-2026.05 '!$D54,[1]SO003!AF:AF) -> 0 | AH54: =SUMIF([1]SO003!$H:$H,'SA007 2025.01-2026.05 '!$D54,[1]SO003!AH:AH) -> 0 | AI54: =SUMIF([1]SO003!$H:$H,'SA007 2025.01-2026.05 '!$D54,[1]SO003!AJ:AJ) -> 0
A55: SPCC-SD_0.9_1219_Common | B55: SPCC-SD | C55: SPCC-SD | D55: 0.9X375X610 | E55: SAN HO PRECISION | F55: SAN HO PRECISION | G55: CR | H55: SPCC | I55: 0.9 | J55: 375 | K55: 610 | L55: 0 | M55: 662 | N55: 0 | O55: 0 | P55: 0 | Q55: 0 | R55: 0 | S55: 0 | T55: 0 | U55: 0 | V55: 0 | W55: 1952 | X55: 0 | Y55: 0 | Z55: 0 | AA55: =SUMIF([1]SA007!$C:$C,'SA007 2025.01-2026.05 '!$D55,[1]SA007!P:P) -> 0 | AB55: =SUMIF([1]SA007!$C:$C,'SA007 2025.01-2026.05 '!$D55,[1]SA007!Q:Q) -> 1986 | AC55: =SUM(L55:AB55) -> 4600 | AD55: =AVERAGE(L55:AB55) -> 270.58824 | AE55: SCRAP OVER 10MM RERTURN CUSTOMER ! P06 | AG55: =SUMIF([1]SO003!$H:$H,'SA007 2025.01-2026.05 '!$D55,[1]SO003!AF:AF) -> 2003.9873 | AH55: =SUMIF([1]SO003!$H:$H,'SA007 2025.01-2026.05 '!$D55,[1]SO003!AH:AH) -> 2010.4517 | AI55: =SUMIF([1]SO003!$H:$H,'SA007 2025.01-2026.05 '!$D55,[1]SO003!AJ:AJ) -> 0
A56: SPCC-SD_0.9_1219_Common | B56: SPCC-SD | C56: SPCC-SD | D56: 0.9x400x500 | E56: SAN HO PRECISION | F56: SAN HO PRECISION | G56: CR | H56: SPCC | I56: 0.9 | J56: 400 | K56: 500 | L56: 2825 | M56: 0 | N56: 0 | O56: 0 | P56: 0 | Q56: 0 | R56: 0 | S56: 0 | T56: 0 | U56: 0 | V56: 0 | W56: 0 | X56: 0 | Y56: 0 | Z56: 0 | AA56: =SUMIF([1]SA007!$C:$C,'SA007 2025.01-2026.05 '!$D56,[1]SA007!P:P) -> 0 | AB56: =SUMIF([1]SA007!$C:$C,'SA007 2025.01-2026.05 '!$D56,[1]SA007!Q:Q) -> 0 | AC56: =SUM(L56:AB56) -> 2825 | AD56: =AVERAGE(L56:AB56) -> 166.17647 | AG56: =SUMIF([1]SO003!$H:$H,'SA007 2025.01-2026.05 '!$D56,[1]SO003!AF:AF) -> 0 | AH56: =SUMIF([1]SO003!$H:$H,'SA007 2025.01-2026.05 '!$D56,[1]SO003!AH:AH) -> 0 | AI56: =SUMIF([1]SO003!$H:$H,'SA007 2025.01-2026.05 '!$D56,[1]SO003!AJ:AJ) -> 0
A57: SGCC-Z18_1_1219_Common | D57: PrE (0MB) 9950 G | E57: YUANDENG | F57: YUANDENG | G57: GI | H57: SGCC | I57: 1 | J57: 186 | K57: 425 | L57: 0 | M57: 0 | N57: 0 | O57: 0 | P57: 0 | Q57: 0 | R57: 0 | S57: 19 | T57: 0 | U57: 0 | V57: 0 | W57: 0 | X57: 0 | Y57: 0 | Z57: 0 | AA57: =SUMIF([1]SA007!$C:$C,'SA007 2025.01-2026.05 '!$D57,[1]SA007!P:P) -> 0 | AB57: =SUMIF([1]SA007!$C:$C,'SA007 2025.01-2026.05 '!$D57,[1]SA007!Q:Q) -> 0 | AC57: =SUM(L57:AB57) -> 19 | AD57: =AVERAGE(L57:AB57) -> 1.1176471 | AG57: =SUMIF([1]SO003!$H:$H,'SA007 2025.01-2026.05 '!$D57,[1]SO003!AF:AF) -> 0 | AH57: =SUMIF([1]SO003!$H:$H,'SA007 2025.01-2026.05 '!$D57,[1]SO003!AH:AH) -> 0 | AI57: =SUMIF([1]SO003!$H:$H,'SA007 2025.01-2026.05 '!$D57,[1]SO003!AJ:AJ) -> 0
A58: SPCEN-SD_1_1219_Common | B58: SPCEN-SD | C58: SPCEN-SD | D58: 1.00X186.00XCOIL | E58: GINFONG | F58: GINFONG | G58: CR | H58: SPCEN | I58: 1 | J58: 186 | K58: COIL | L58: 2095 | M58: 1559.5 | N58: 0 | O58: 0 | P58: 0 | Q58: 0 | R58: 1707 | S58: 0 | T58: 0 | U58: 0 | V58: 0 | W58: 0 | X58: 563 | Y58: 0 | Z58: 1200 | AA58: =SUMIF([1]SA007!$C:$C,'SA007 2025.01-2026.05 '!$D58,[1]SA007!P:P) -> 0 | AB58: =SUMIF([1]SA007!$C:$C,'SA007 2025.01-2026.05 '!$D58,[1]SA007!Q:Q) -> 0 | AC58: =SUM(L58:AB58) -> 7124.5 | AD58: =AVERAGE(L58:AB58) -> 419.08824 | AE58: _x000D_ห่อพลาสติกใส ล้มวางไม้พาเลท 1 แถบ/พาเลท _x000D_ ครีบคว่ำ ครีบหงาย แยกพาเลท FG ระบุพาเลทและคีบคว่ำหงายลง Remark ในระบบด้วย_x000D__x000D_ แนบ INSPECTION DATA_x000D_ | AG58: =SUMIF([1]SO003!$H:$H,'SA007 2025.01-2026.05 '!$D58,[1]SO003!AF:AF) -> 1500 | AH58: =SUMIF([1]SO003!$H:$H,'SA007 2025.01-2026.05 '!$D58,[1]SO003!AH:AH) -> 1678 | AI58: =SUMIF([1]SO003!$H:$H,'SA007 2025.01-2026.05 '!$D58,[1]SO003!AJ:AJ) -> 0
A59: SGCC-Z18_1_1219_Common | B59: SGCC-Z08 | C59: SGCC | D59: 1.00x34.10x582.30 | E59: DIAMOND SAT | F59: DIAMOND SAT | G59: GI | H59: SGCC | I59: 1 | J59: 34.1 | K59: 582.3 | L59: 828 | M59: 771 | N59: 33 | O59: 768 | P59: 775 | Q59: 778 | R59: 0 | S59: 0 | T59: 0 | U59: 1216 | V59: 0 | W59: 993 | X59: 0 | Y59: 955 | Z59: 972 | AA59: =SUMIF([1]SA007!$C:$C,'SA007 2025.01-2026.05 '!$D59,[1]SA007!P:P) -> 0 | AB59: =SUMIF([1]SA007!$C:$C,'SA007 2025.01-2026.05 '!$D59,[1]SA007!Q:Q) -> 0 | AC59: =SUM(L59:AB59) -> 8089 | AD59: =AVERAGE(L59:AB59) -> 475.82353 | AE59: 500 kg./pack, ห่อพลาสติกใส วางบนไม้พาเลท_x000D_ แนบ INSPECTION DATA_x000D_ | AG59: =SUMIF([1]SO003!$H:$H,'SA007 2025.01-2026.05 '!$D59,[1]SO003!AF:AF) -> 0 | AH59: =SUMIF([1]SO003!$H:$H,'SA007 2025.01-2026.05 '!$D59,[1]SO003!AH:AH) -> 0 | AI59: =SUMIF([1]SO003!$H:$H,'SA007 2025.01-2026.05 '!$D59,[1]SO003!AJ:AJ) -> 0
A60: SPCC-SD_1_1219_Common | B60: SPCC-SD | C60: SPCC-SD | D60: 1.00x40.00xCOIL | E60: MING TAI | F60: MING TAI | G60: CR | H60: SPCC-SD | I60: 1 | J60: 40 | K60: Coil | L60: 45 | M60: 0 | N60: 0 | O60: 0 | P60: 0 | Q60: 0 | R60: 0 | S60: 0 | T60: 0 | U60: 0 | V60: 0 | W60: 0 | X60: 0 | Y60: 0 | Z60: 0 | AA60: =SUMIF([1]SA007!$C:$C,'SA007 2025.01-2026.05 '!$D60,[1]SA007!P:P) -> 0 | AB60: =SUMIF([1]SA007!$C:$C,'SA007 2025.01-2026.05 '!$D60,[1]SA007!Q:Q) -> 0 | AC60: =SUM(L60:AB60) -> 45 | AD60: =AVERAGE(L60:AB60) -> 2.6470588 | AE60: เน้นผิวและคุณภาพ แนบ INSPECTION ห่อพลาสติกใส ล้มวางไม้พาเลท | AG60: =SUMIF([1]SO003!$H:$H,'SA007 2025.01-2026.05 '!$D60,[1]SO003!AF:AF) -> 0 | AH60: =SUMIF([1]SO003!$H:$H,'SA007 2025.01-2026.05 '!$D60,[1]SO003!AH:AH) -> 0 | AI60: =SUMIF([1]SO003!$H:$H,'SA007 2025.01-2026.05 '!$D60,[1]SO003!AJ:AJ) -> 0
A61: SECC-E16/E16_1_1180_Common | B61: SECC-20/20 | C61: SECC-20/20 | D61: 1.0x113x1219 | E61: AAA MANU | F61: AAA MANU | G61: EG | H61: SECC-F20 | I61: 1 | J61: 113 | K61: 1219 | L61: 0 | M61: 53 | N61: 52 | O61: 0 | P61: 0 | Q61: 0 | R61: 23 | S61: 21 | T61: 52 | U61: 0 | V61: 49 | W61: 0 | X61: 0 | Y61: 21 | Z61: 0 | AA61: =SUMIF([1]SA007!$C:$C,'SA007 2025.01-2026.05 '!$D61,[1]SA007!P:P) -> 0 | AB61: =SUMIF([1]SA007!$C:$C,'SA007 2025.01-2026.05 '!$D61,[1]SA007!Q:Q) -> 54 | AC61: =SUM(L61:AB61) -> 325 | AD61: =AVERAGE(L61:AB61) -> 19.117647 | AE61: เน้นผิวและคุณภาพ_x000D_ ห่อพลาสติกใส วางไม้พาเลท | AG61: =SUMIF([1]SO003!$H:$H,'SA007 2025.01-2026.05 '!$D61,[1]SO003!AF:AF) -> 0 | AH61: =SUMIF([1]SO003!$H:$H,'SA007 2025.01-2026.05 '!$D61,[1]SO003!AH:AH) -> 0 | AI61: =SUMIF([1]SO003!$H:$H,'SA007 2025.01-2026.05 '!$D61,[1]SO003!AJ:AJ) -> 0
A62: SPHC-P/O_1.6_1219_Common | B62: SPHC-P/O | C62: SPHC-P/O | D62: 1.60x87.00x550 | E62: DIAMOND SAT | F62: DIAMOND SAT | G62: HR | H62: SPHC | I62: 1.6 | J62: 87 | K62: 550 | L62: 6038 | M62: 6071 | N62: 223 | O62: 0 | P62: 0 | Q62: 0 | R62: 0 | S62: 0 | T62: 0 | U62: 0 | V62: 0 | W62: 0 | X62: 0 | Y62: 0 | Z62: 0 | AA62: =SUMIF([1]SA007!$C:$C,'SA007 2025.01-2026.05 '!$D62,[1]SA007!P:P) -> 0 | AB62: =SUMIF([1]SA007!$C:$C,'SA007 2025.01-2026.05 '!$D62,[1]SA007!Q:Q) -> 0 | AC62: =SUM(L62:AB62) -> 12332 | AD62: =AVERAGE(L62:AB62) -> 725.41176 | AE62: ห่อพลาสติกใส วางพาเลทไม้ ___ แถบ/เลท ___ ตอน/เลท | AG62: =SUMIF([1]SO003!$H:$H,'SA007 2025.01-2026.05 '!$D62,[1]SO003!AF:AF) -> 0 | AH62: =SUMIF([1]SO003!$H:$H,'SA007 2025.01-2026.05 '!$D62,[1]SO003!AH:AH) -> 0 | AI62: =SUMIF([1]SO003!$H:$H,'SA007 2025.01-2026.05 '!$D62,[1]SO003!AJ:AJ) -> 0
A63: SGCC-Z18_0.8_1219_CHINA STEEL | B63: SGCC-Z18 | C63: SGCC-Z18 | D63: 0.80x270.00x1219.00 | E63: SCN PRECISION | F63: SCN PRECISION | G63: GI | H63: SGCC Z18 | I63: 0.8 | J63: 270 | K63: 1219 | L63: 0 | M63: 782 | N63: 1013 | O63: 0 | P63: 0 | Q63: 0 | R63: 0 | S63: 0 | T63: 0 | U63: 705 | V63: 0 | W63: 1018 | X63: 0 | Y63: 0 | Z63: 0 | AA63: =SUMIF([1]SA007!$C:$C,'SA007 2025.01-2026.05 '!$D63,[1]SA007!P:P) -> 0 | AB63: =SUMIF([1]SA007!$C:$C,'SA007 2025.01-2026.05 '!$D63,[1]SA007!Q:Q) -> 0 | AC63: =SUM(L63:AB63) -> 3518 | AD63: =AVERAGE(L63:AB63) -> 206.94118 | AE63: 500 แผ่น/แพ็ค เน้นผิวและคุณภาพ ห่อพลาสติกใส วางไม้พาเลท | AG63: =SUMIF([1]SO003!$H:$H,'SA007 2025.01-2026.05 '!$D63,[1]SO003!AF:AF) -> 0 | AH63: =SUMIF([1]SO003!$H:$H,'SA007 2025.01-2026.05 '!$D63,[1]SO003!AH:AH) -> 0 | AI63: =SUMIF([1]SO003!$H:$H,'SA007 2025.01-2026.05 '!$D63,[1]SO003!AJ:AJ) -> 0
A64: SGCC-Z18_1.2_1219_POSCO/BAO | B64: SGCC-Z18 | C64: SGCC-Z18 | D64: 1.20X132.90XCOIL | E64: GINFONG | F64: GINFONG | G64: GI | H64: SGCC Z18 | I64: 1.2 | J64: 132.9 | K64: COIL | L64: 0 | M64: 0 | N64: 3995 | O64: 0 | P64: 3751 | Q64: 1128 | R64: 0 | S64: 0 | T64: 0 | U64: 0 | V64: 0 | W64: 1239 | X64: 0 | Y64: 0 | Z64: 0 | AA64: =SUMIF([1]SA007!$C:$C,'SA007 2025.01-2026.05 '!$D64,[1]SA007!P:P) -> 0 | AB64: =SUMIF([1]SA007!$C:$C,'SA007 2025.01-2026.05 '!$D64,[1]SA007!Q:Q) -> 0 | AC64: =SUM(L64:AB64) -> 10113 | AD64: =AVERAGE(L64:AB64) -> 594.88235 | AE64: ห่อพลาสติกใส วางไม้พาเลท_x000D_ แนบ INSPECTION เน้นห้ามมีขอบดำหรือสีผิวต่าง_x000D_ ครีบคว่ำ ครีบหงาย แยกพาเลท FG ระบุพาเลทและคีบคว่ำหงายลง Remark ในระบบด้วย | AG64: =SUMIF([1]SO003!$H:$H,'SA007 2025.01-2026.05 '!$D64,[1]SO003!AF:AF) -> 0 | AH64: =SUMIF([1]SO003!$H:$H,'SA007 2025.01-2026.05 '!$D64,[1]SO003!AH:AH) -> 0 | AI64: =SUMIF([1]SO003!$H:$H,'SA007 2025.01-2026.05 '!$D64,[1]SO003!AJ:AJ) -> 0
A65: SGCC-Z18_1.2_1219_POSCO/BAO | B65: SGCC-Z18 | C65: SGCC-Z18 | D65: 1.20x153.40xCoil | E65: GINFONG | F65: GINFONG | G65: GI | H65: SGCC Z18 | I65: 1.2 | J65: 153.4 | K65: COIL | L65: 0 | M65: 0 | N65: 2552 | O65: 4265 | P65: 3229 | Q65: 0 | R65: 0 | S65: 2168 | T65: 0 | U65: 3836 | V65: 0 | W65: 1416 | X65: 0 | Y65: 0 | Z65: 0 | AA65: =SUMIF([1]SA007!$C:$C,'SA007 2025.01-2026.05 '!$D65,[1]SA007!P:P) -> 0 | AB65: =SUMIF([1]SA007!$C:$C,'SA007 2025.01-2026.05 '!$D65,[1]SA007!Q:Q) -> 0 | AC65: =SUM(L65:AB65) -> 17466 | AD65: =AVERAGE(L65:AB65) -> 1027.4118 | AE65: แนบ INSPECTION ห่อพลาสติกใส ล้มวางไม้พาเลท วาง 1 แถบ/เลท_x000D__x000D_ ลูกค้าโชว์ผิวเน้นห้ามมีขอบดำหรือสีผิวต่าง_x000D_ ครีบคว่ำ ครีบหงาย แยกพาเลท FG ระบุพาเลทและคีบคว่ำหงายลง Remark ในระบบด้วย | AG65: =SUMIF([1]SO003!$H:$H,'SA007 2025.01-2026.05 '!$D65,[1]SO003!AF:AF) -> 0 | AH65: =SUMIF([1]SO003!$H:$H,'SA007 2025.01-2026.05 '!$D65,[1]SO003!AH:AH) -> 0 | AI65: =SUMIF([1]SO003!$H:$H,'SA007 2025.01-2026.05 '!$D65,[1]SO003!AJ:AJ) -> 0
A66: SAE1065_1_36_Coil_Common | B66: S65C(SB) | C66: S65C(SB) | D66: 1.0x36xCoil | E66: HOPE TECH | F66: HOPE TECH | G66: HR | H66: S65C(SB) | I66: 1 | J66: 36 | K66: COIL | L66: 0 | M66: 0 | N66: 345 | O66: 940 | P66: 0 | Q66: 0 | R66: 424 | S66: 0 | T66: 0 | U66: 0 | V66: 0 | W66: 320 | X66: 0 | Y66: 0 | Z66: 0 | AA66: =SUMIF([1]SA007!$C:$C,'SA007 2025.01-2026.05 '!$D66,[1]SA007!P:P) -> 0 | AB66: =SUMIF([1]SA007!$C:$C,'SA007 2025.01-2026.05 '!$D66,[1]SA007!Q:Q) -> 630 | AC66: =SUM(L66:AB66) -> 2659 | AD66: =AVERAGE(L66:AB66) -> 156.41176 | AE66: ห่อพลาสติกใส+พันผ้าสาน ล้มวางไม้พาเลท | AG66: =SUMIF([1]SO003!$H:$H,'SA007 2025.01-2026.05 '!$D66,[1]SO003!AF:AF) -> 0 | AH66: =SUMIF([1]SO003!$H:$H,'SA007 2025.01-2026.05 '!$D66,[1]SO003!AH:AH) -> 0 | AI66: =SUMIF([1]SO003!$H:$H,'SA007 2025.01-2026.05 '!$D66,[1]SO003!AJ:AJ) -> 0
A67: SPCC-SD_1_1219_Common | B67: SPCC-SD | C67: SPCC-SD | D67: 1.0x370x610 | E67: SAN HO PRECISION | F67: SAN HO PRECISION | G67: CR | H67: SPCC | I67: 1 | J67: 370 | K67: 610 | L67: 1336 | M67: 0 | N67: 0 | O67: 0 | P67: 0 | Q67: 0 | R67: 966 | S67: 0 | T67: 0 | U67: 0 | V67: 0 | W67: 0 | X67: 0 | Y67: 0 | Z67: 985 | AA67: =SUMIF([1]SA007!$C:$C,'SA007 2025.01-2026.05 '!$D67,[1]SA007!P:P) -> 0 | AB67: =SUMIF([1]SA007!$C:$C,'SA007 2025.01-2026.05 '!$D67,[1]SA007!Q:Q) -> 0 | AC67: =SUM(L67:AB67) -> 3287 | AD67: =AVERAGE(L67:AB67) -> 193.35294 | AE67: SCRAP OVER 10MM RERTURN CUSTOMER ! P06 | AG67: =SUMIF([1]SO003!$H:$H,'SA007 2025.01-2026.05 '!$D67,[1]SO003!AF:AF) -> 0 | AH67: =SUMIF([1]SO003!$H:$H,'SA007 2025.01-2026.05 '!$D67,[1]SO003!AH:AH) -> 0 | AI67: =SUMIF([1]SO003!$H:$H,'SA007 2025.01-2026.05 '!$D67,[1]SO003!AJ:AJ) -> 0
A68: SAE1065_1_44_Coil_Common | B68: S65C(SB) | C68: S65C(SB) | D68: 1.0x44xCoil | E68: HOPE TECH | F68: HOPE TECH | G68: CR | H68: S65C(SB) | I68: 1 | J68: 44 | K68: COIL | L68: 0 | M68: 450 | N68: 0 | O68: 414 | P68: 0 | Q68: 588 | R68: 0 | S68: 417 | T68: 0 | U68: 514 | V68: 0 | W68: 0 | X68: 0 | Y68: 525 | Z68: 0 | AA68: =SUMIF([1]SA007!$C:$C,'SA007 2025.01-2026.05 '!$D68,[1]SA007!P:P) -> 380 | AB68: =SUMIF([1]SA007!$C:$C,'SA007 2025.01-2026.05 '!$D68,[1]SA007!Q:Q) -> 0 | AC68: =SUM(L68:AB68) -> 3288 | AD68: =AVERAGE(L68:AB68) -> 193.41176 | AE68: ห่อพลาสติกใส+พันผ้าสาน ล้มวางไม้พาเลท | AG68: =SUMIF([1]SO003!$H:$H,'SA007 2025.01-2026.05 '!$D68,[1]SO003!AF:AF) -> 500 | AH68: =SUMIF([1]SO003!$H:$H,'SA007 2025.01-2026.05 '!$D68,[1]SO003!AH:AH) -> 512 | AI68: =SUMIF([1]SO003!$H:$H,'SA007 2025.01-2026.05 '!$D68,[1]SO003!AJ:AJ) -> 0
A69: SECC-E16/E16_1_1180_Common | B69: SECC-16/16 | C69: SECC | D69: 1.0x61xCOIL | E69: SINO | F69: SINO | G69: EG | H69: SECC | I69: 1 | J69: 61 | K69: COIL | L69: 0 | M69: 1555 | N69: 1144 | O69: 1002 | P69: 1396 | Q69: 0 | R69: 1152 | S69: 0 | T69: 4635 | U69: 0 | V69: 1659 | W69: 845 | X69: 2660 | Y69: 0 | Z69: 2280 | AA69: =SUMIF([1]SA007!$C:$C,'SA007 2025.01-2026.05 '!$D69,[1]SA007!P:P) -> 0 | AB69: =SUMIF([1]SA007!$C:$C,'SA007 2025.01-2026.05 '!$D69,[1]SA007!Q:Q) -> 0 | AC69: =SUM(L69:AB69) -> 18328 | AD69: =AVERAGE(L69:AB69) -> 1078.1176 | AE69: SINOเเน้น1X61XC Max120 kg./ (+0/-3 kg.Min 80 kg./C(-3kg.OK)_x000D_ ระยะความกว้างขาพาเลท720-740mm.>ระยะห่างวัดจากด้านในของพาเลท>ความสูงจากพื้นวัดจากขอบด้านล่าง120-140mm. Roller mark OK หาก Roller mark ห่างจากขอบเกิน15มม.ติดป้ายชี้บ่ง FG ระบุลงระบบ (>15 mm.) | AG69: =SUMIF([1]SO003!$H:$H,'SA007 2025.01-2026.05 '!$D69,[1]SO003!AF:AF) -> 0 | AH69: =SUMIF([1]SO003!$H:$H,'SA007 2025.01-2026.05 '!$D69,[1]SO003!AH:AH) -> 0 | AI69: =SUMIF([1]SO003!$H:$H,'SA007 2025.01-2026.05 '!$D69,[1]SO003!AJ:AJ) -> 0
A70: SECC-E16/E16_1_1180_Common | B70: SECC-16/16 | C70: SECC | D70: 1.0x78.0xCoil | E70: FEITI | F70: FEITI | G70: EG | H70: SECC | I70: 1 | J70: 78 | K70: COIL | L70: 0 | M70: 993 | N70: 0 | O70: 0 | P70: 0 | Q70: 0 | R70: 0 | S70: 0 | T70: 0 | U70: 0 | V70: 0 | W70: 0 | X70: 0 | Y70: 0 | Z70: 0 | AA70: =SUMIF([1]SA007!$C:$C,'SA007 2025.01-2026.05 '!$D70,[1]SA007!P:P) -> 0 | AB70: =SUMIF([1]SA007!$C:$C,'SA007 2025.01-2026.05 '!$D70,[1]SA007!Q:Q) -> 0 | AC70: =SUM(L70:AB70) -> 993 | AD70: =AVERAGE(L70:AB70) -> 58.411765 | AE70: ห่อพลาสติกใส ล้มวางไม้พาเลท 2 แถบ/พาเลท ** มีไม้คั่น **_x000D_ แนบ INSPECTION DATA_x000D_ | AG70: =SUMIF([1]SO003!$H:$H,'SA007 2025.01-2026.05 '!$D70,[1]SO003!AF:AF) -> 0 | AH70: =SUMIF([1]SO003!$H:$H,'SA007 2025.01-2026.05 '!$D70,[1]SO003!AH:AH) -> 0 | AI70: =SUMIF([1]SO003!$H:$H,'SA007 2025.01-2026.05 '!$D70,[1]SO003!AJ:AJ) -> 0
A71: SECC-16/16_1.2_1219_CHINA STEEL | B71: SECC-16/16 | C71: SECC-16/16 | D71: 1.2 X 92 X COIL | E71: TSE LUP | F71: TSE LUP | G71: EG | H71: SECC 16/16,AF | I71: 1.2 | J71: 92 | K71: COIL | L71: 0 | M71: 124 | N71: 0 | O71: 0 | P71: 0 | Q71: 0 | R71: 0 | S71: 0 | T71: 0 | U71: 0 | V71: 0 | W71: 0 | X71: 0 | Y71: 0 | Z71: 0 | AA71: =SUMIF([1]SA007!$C:$C,'SA007 2025.01-2026.05 '!$D71,[1]SA007!P:P) -> 0 | AB71: =SUMIF([1]SA007!$C:$C,'SA007 2025.01-2026.05 '!$D71,[1]SA007!Q:Q) -> 0 | AC71: =SUM(L71:AB71) -> 124 | AD71: =AVERAGE(L71:AB71) -> 7.2941176 | AE71: ** ชั่งน้ำหนักจริงทุกแถบ **_x000D_ ตาชั่งพื้น_x000D_ ระบุ COIL NO ในใบแพลนทุกครั้ง | AG71: =SUMIF([1]SO003!$H:$H,'SA007 2025.01-2026.05 '!$D71,[1]SO003!AF:AF) -> 0 | AH71: =SUMIF([1]SO003!$H:$H,'SA007 2025.01-2026.05 '!$D71,[1]SO003!AH:AH) -> 0 | AI71: =SUMIF([1]SO003!$H:$H,'SA007 2025.01-2026.05 '!$D71,[1]SO003!AJ:AJ) -> 0
A72: SGCC-Z18_1.2_1219_POSCO/BAO | B72: SGCC-Z18 | C72: SGCC-Z18 | D72: 1.20x172.00xCOIL | E72: GINFONG | F72: GINFONG | G72: GI | H72: SGCC Z18 | I72: 1.2 | J72: 172 | K72: COIL | L72: 0 | M72: 0 | N72: 4258 | O72: 0 | P72: 4505 | Q72: 2603 | R72: 0 | S72: 0 | T72: 0 | U72: 3827 | V72: 0 | W72: 1194 | X72: 0 | Y72: 0 | Z72: 0 | AA72: =SUMIF([1]SA007!$C:$C,'SA007 2025.01-2026.05 '!$D72,[1]SA007!P:P) -> 0 | AB72: =SUMIF([1]SA007!$C:$C,'SA007 2025.01-2026.05 '!$D72,[1]SA007!Q:Q) -> 0 | AC72: =SUM(L72:AB72) -> 16387 | AD72: =AVERAGE(L72:AB72) -> 963.94118 | AE72: ห่อพลาสติกใส ล้มวางไม้พาเลท 1 แถบ/พาเลท_x000D_ แนบ INSPECTION DATA_x000D_ ลูกค้าโชว์ผิวเน้นห้ามมีขอบดำหรือสีผิวต่าง_x000D_ ครีบคว่ำ ครีบหงาย แยกพาเลท FG ระบุพาเลทและคีบคว่ำหงายลง Remark ในระบบด้วย | AG72: =SUMIF([1]SO003!$H:$H,'SA007 2025.01-2026.05 '!$D72,[1]SO003!AF:AF) -> 0 | AH72: =SUMIF([1]SO003!$H:$H,'SA007 2025.01-2026.05 '!$D72,[1]SO003!AH:AH) -> 0 | AI72: =SUMIF([1]SO003!$H:$H,'SA007 2025.01-2026.05 '!$D72,[1]SO003!AJ:AJ) -> 0
A73: SGCC-Z18_1.2_1219_POSCO/BAO | B73: SGCC-Z18 | C73: SGCC-Z18 | D73: 1.20X195.40XCOIL | E73: GINFONG | F73: GINFONG | G73: GI | H73: SGCC Z18 | I73: 1.2 | J73: 195.4 | K73: COIL | L73: 0 | M73: 0 | N73: 5047 | O73: 1933 | P73: 3575 | Q73: 4753 | R73: 0 | S73: 2199 | T73: 0 | U73: 2508 | V73: 4999 | W73: 2069 | X73: 0 | Y73: 0 | Z73: 0 | AA73: =SUMIF([1]SA007!$C:$C,'SA007 2025.01-2026.05 '!$D73,[1]SA007!P:P) -> 0 | AB73: =SUMIF([1]SA007!$C:$C,'SA007 2025.01-2026.05 '!$D73,[1]SA007!Q:Q) -> 0 | AC73: =SUM(L73:AB73) -> 27083 | AD73: =AVERAGE(L73:AB73) -> 1593.1176 | AE73: เน้นผิวและคุณภาพ _x000D_ ห่อพลาสติกใส วางไม้พาเลท วาง 1 แถว_x000D_ ครีบคว่ำ ครีบหงาย แยกพาเลท FG ระบุพาเลทและคีบคว่ำหงายลง Remark ในระบบด้วย | AG73: =SUMIF([1]SO003!$H:$H,'SA007 2025.01-2026.05 '!$D73,[1]SO003!AF:AF) -> 0 | AH73: =SUMIF([1]SO003!$H:$H,'SA007 2025.01-2026.05 '!$D73,[1]SO003!AH:AH) -> 0 | AI73: =SUMIF([1]SO003!$H:$H,'SA007 2025.01-2026.05 '!$D73,[1]SO003!AJ:AJ) -> 0
A74: SGCC-Z18_2_1219_Common | B74: SGCC-Z18 | C74: SGCC-Z18 | D74: 2.0x192xCoil | E74: TAKAFUNE | F74: TAKAFUNE | G74: GI | H74: SGCC Z18 | I74: 2 | J74: 192 | K74: COIL | L74: 550 | M74: 1156 | N74: 1828 | O74: 2015 | P74: 3144 | Q74: 2400 | R74: 1090 | S74: 0 | T74: 0 | U74: 0 | V74: 0 | W74: 0 | X74: 0 | Y74: 0 | Z74: 0 | AA74: =SUMIF([1]SA007!$C:$C,'SA007 2025.01-2026.05 '!$D74,[1]SA007!P:P) -> 0 | AB74: =SUMIF([1]SA007!$C:$C,'SA007 2025.01-2026.05 '!$D74,[1]SA007!Q:Q) -> 0 | AC74: =SUM(L74:AB74) -> 12183 | AD74: =AVERAGE(L74:AB74) -> 716.64706 | AE74: แนบ INSPECTION ห่อพลาสติกใส ล้มวางไม้พาเลท_x000D_ น้ำหนัก 200-900 กก./ม้วน | AG74: =SUMIF([1]SO003!$H:$H,'SA007 2025.01-2026.05 '!$D74,[1]SO003!AF:AF) -> 0 | AH74: =SUMIF([1]SO003!$H:$H,'SA007 2025.01-2026.05 '!$D74,[1]SO003!AH:AH) -> 0 | AI74: =SUMIF([1]SO003!$H:$H,'SA007 2025.01-2026.05 '!$D74,[1]SO003!AJ:AJ) -> 0
A75: SECC-16/16_1.6_1219_CHINA STEEL | B75: SECC-16/16 | C75: SECC-16/16 | D75: 1.6x140xCoil | E75: TSE LUP | F75: TSE LUP | G75: EG | H75: SECC 16/16,AF | I75: 1.6 | J75: 140 | K75: COIL | L75: 0 | M75: 426.5 | N75: 0 | O75: 0 | P75: 0 | Q75: 0 | R75: 0 | S75: 0 | T75: 0 | U75: 0 | V75: 0 | W75: 0 | X75: 0 | Y75: 560 | Z75: 0 | AA75: =SUMIF([1]SA007!$C:$C,'SA007 2025.01-2026.05 '!$D75,[1]SA007!P:P) -> 0 | AB75: =SUMIF([1]SA007!$C:$C,'SA007 2025.01-2026.05 '!$D75,[1]SA007!Q:Q) -> 0 | AC75: =SUM(L75:AB75) -> 986.5 | AD75: =AVERAGE(L75:AB75) -> 58.029412 | AE75: ** ชั่งน้ำหนักจริงทุกแถบ *** ตาชั่งพื้น_x000D_ แนบใบ Cer ทุกครั้งที่ส่งงาน_x000D_ ระบุ COIL NO ในใบแพลนทุกครั้ง | AG75: =SUMIF([1]SO003!$H:$H,'SA007 2025.01-2026.05 '!$D75,[1]SO003!AF:AF) -> 0 | AH75: =SUMIF([1]SO003!$H:$H,'SA007 2025.01-2026.05 '!$D75,[1]SO003!AH:AH) -> 0 | AI75: =SUMIF([1]SO003!$H:$H,'SA007 2025.01-2026.05 '!$D75,[1]SO003!AJ:AJ) -> 0
A76: SPFH590-P/O_1.6_1219_Common | B76: SPFH590-P/O | C76: SPFH590-P/O | D76: M192AD4343362 | E76: XCELLENT | F76: XCELLENT | G76: HR | H76: SPFH590 | I76: 1.6 | J76: 70 | K76: 350 | L76: 0 | M76: 984 | N76: 0 | O76: 0 | P76: 0 | Q76: 0 | R76: 0 | S76: 0 | T76: 0 | U76: 0 | V76: 0 | W76: 0 | X76: 0 | Y76: 0 | Z76: 0 | AA76: =SUMIF([1]SA007!$C:$C,'SA007 2025.01-2026.05 '!$D76,[1]SA007!P:P) -> 0 | AB76: =SUMIF([1]SA007!$C:$C,'SA007 2025.01-2026.05 '!$D76,[1]SA007!Q:Q) -> 0 | AC76: =SUM(L76:AB76) -> 984 | AD76: =AVERAGE(L76:AB76) -> 57.882353 | AE76: ห่อพลาสติกใส วางพาเลทไม้ | AG76: =SUMIF([1]SO003!$H:$H,'SA007 2025.01-2026.05 '!$D76,[1]SO003!AF:AF) -> 0 | AH76: =SUMIF([1]SO003!$H:$H,'SA007 2025.01-2026.05 '!$D76,[1]SO003!AH:AH) -> 0 | AI76: =SUMIF([1]SO003!$H:$H,'SA007 2025.01-2026.05 '!$D76,[1]SO003!AJ:AJ) -> 0
A77: SGCC-Z18_1.2_1219_POSCO/BAO | C77: SGCC-Z18 | D77: 1.200X108.00XCOIL | E77: GINFONG | G77: GI | H77: SGCC Z18 | I77: 1.2 | J77: 108 | K77: COIL | L77: 0 | M77: 0 | N77: 0 | O77: 1077 | P77: 10016 | Q77: 3929 | R77: 2806 | S77: 5943 | T77: 6568 | U77: 0 | V77: 4815 | W77: 0 | X77: 0 | Y77: 0 | Z77: 0 | AA77: =SUMIF([1]SA007!$C:$C,'SA007 2025.01-2026.05 '!$D77,[1]SA007!P:P) -> 0 | AB77: =SUMIF([1]SA007!$C:$C,'SA007 2025.01-2026.05 '!$D77,[1]SA007!Q:Q) -> 0 | AC77: =SUM(L77:AB77) -> 35154 | AD77: =AVERAGE(L77:AB77) -> 2067.8824 | AE77: อพลาสติกใส ล้มวางไม้พาเลท 1 แถบ/พาเลท_x000D_ แนบ INSPECTION DATA_x000D__x000D_ ครีบคว่ำ ครีบหงาย แยกพาเลท FG ระบุพาเลทและคีบคว่ำหงายลง Remark ในระบบด้วย | AG77: =SUMIF([1]SO003!$H:$H,'SA007 2025.01-2026.05 '!$D77,[1]SO003!AF:AF) -> 0 | AH77: =SUMIF([1]SO003!$H:$H,'SA007 2025.01-2026.05 '!$D77,[1]SO003!AH:AH) -> 0 | AI77: =SUMIF([1]SO003!$H:$H,'SA007 2025.01-2026.05 '!$D77,[1]SO003!AJ:AJ) -> 0
A78: SGCC-Z18_1.2_1219_POSCO/BAO | C78: SGCC-Z18 | D78: 1.20x290.80xCOIL | E78: GINFONG | G78: GI | H78: SGCC Z18 | I78: 1.2 | J78: 290.8 | K78: COIL | L78: 0 | M78: 0 | N78: 0 | O78: 4543 | P78: 0 | Q78: 0 | R78: 3066 | S78: 0 | T78: 758 | U78: 3059 | V78: 6224 | W78: 5078 | X78: 0 | Y78: 0 | Z78: 0 | AA78: =SUMIF([1]SA007!$C:$C,'SA007 2025.01-2026.05 '!$D78,[1]SA007!P:P) -> 0 | AB78: =SUMIF([1]SA007!$C:$C,'SA007 2025.01-2026.05 '!$D78,[1]SA007!Q:Q) -> 0 | AC78: =SUM(L78:AB78) -> 22728 | AD78: =AVERAGE(L78:AB78) -> 1336.9412 | AE78: เน้นผิวและคุณภาพ ห่อพลาสติกใส ล้มวางไม้พาเลท 1 แถบ/พาเลท *** รัดสายรัด 4 มุม ***_x000D_ แนบ INSPECTION _x000D_ ครีบคว่ำ ครีบหงาย แยกพาเลท FG ระบุพาเลทและคีบคว่ำหงายลง Remark ในระบบด้วย | AG78: =SUMIF([1]SO003!$H:$H,'SA007 2025.01-2026.05 '!$D78,[1]SO003!AF:AF) -> 0 | AH78: =SUMIF([1]SO003!$H:$H,'SA007 2025.01-2026.05 '!$D78,[1]SO003!AH:AH) -> 0 | AI78: =SUMIF([1]SO003!$H:$H,'SA007 2025.01-2026.05 '!$D78,[1]SO003!AJ:AJ) -> 0
A79: SECC-16/16_1.2_1219_CHINA STEEL | B79: SECC-20/20 | C79: SECC-20/20 | D79: 1.20x51xCOIL | E79: GINFONG | F79: GINFONG | G79: EG | H79: SECC1-SD,E20/E20 | I79: 1.2 | J79: 51 | K79: COIL | L79: 1124 | M79: 0 | N79: 2718 | O79: 1212 | P79: 0 | Q79: 777 | R79: 1037 | S79: 0 | T79: 0 | U79: 1016 | V79: 1146 | W79: 0 | X79: 2094 | Y79: 0 | Z79: 0 | AA79: =SUMIF([1]SA007!$C:$C,'SA007 2025.01-2026.05 '!$D79,[1]SA007!P:P) -> 939 | AB79: =SUMIF([1]SA007!$C:$C,'SA007 2025.01-2026.05 '!$D79,[1]SA007!Q:Q) -> 868 | AC79: =SUM(L79:AB79) -> 12931 | AD79: =AVERAGE(L79:AB79) -> 760.64706 | AE79: น้ำหนัก/Coil150-230 kg.หากน้ำหนักต่ำกว่าให้ทำการแจ้งหรือตกลงกับลูกค้าก่อนทำการแพลนตัดงาน,width51+0/-0.2 End user Panasonic Ginfong ยอมรับรอย Roller Mark ห่อพลาสติกใส ล้มวางไม้พาเลท3แถบ/พาเลท*มีไม้คั่น 40mm.*รัดสายเขียว2เส้น ครีบคว่ำ/หงาย แยกพาเลท | AG79: =SUMIF([1]SO003!$H:$H,'SA007 2025.01-2026.05 '!$D79,[1]SO003!AF:AF) -> 16500 | AH79: =SUMIF([1]SO003!$H:$H,'SA007 2025.01-2026.05 '!$D79,[1]SO003!AH:AH) -> 2078 | AI79: =SUMIF([1]SO003!$H:$H,'SA007 2025.01-2026.05 '!$D79,[1]SO003!AJ:AJ) -> 1500
A80: SPCEN-SD_1.2_1219_Common | B80: SPCEN-SD | C80: SPCEN-SD | D80: 1.20X54.00XCOIL | E80: GINFONG | F80: GINFONG | G80: CR | H80: SPCEN | I80: 1.2 | J80: 54 | K80: COIL | L80: 833 | M80: 0 | N80: 0 | O80: 0 | P80: 548 | Q80: 0 | R80: 0 | S80: 0 | T80: 0 | U80: 0 | V80: 0 | W80: 0 | X80: 0 | Y80: 1707 | Z80: 0 | AA80: =SUMIF([1]SA007!$C:$C,'SA007 2025.01-2026.05 '!$D80,[1]SA007!P:P) -> 0 | AB80: =SUMIF([1]SA007!$C:$C,'SA007 2025.01-2026.05 '!$D80,[1]SA007!Q:Q) -> 0 | AC80: =SUM(L80:AB80) -> 3088 | AD80: =AVERAGE(L80:AB80) -> 181.64706 | AE80: ห่อพลาสติกใส ล้มวางไม้พาเลท 2 แถบ/พาเลท ไม้คั่น 40 มม._x000D_ น้ำหนัก 250-300 กก./ม้วน_x000D_ แนบ INSPECTION DATA_x000D_รัดสายเขียว 2 เส้น ครีบคว่ำ ครีบหงาย แยกพาเลท FG ระบุพาเลทและคีบคว่ำหงายลง Remark ในระบบด้วย | AG80: =SUMIF([1]SO003!$H:$H,'SA007 2025.01-2026.05 '!$D80,[1]SO003!AF:AF) -> 0 | AH80: =SUMIF([1]SO003!$H:$H,'SA007 2025.01-2026.05 '!$D80,[1]SO003!AH:AH) -> 0 | AI80: =SUMIF([1]SO003!$H:$H,'SA007 2025.01-2026.05 '!$D80,[1]SO003!AJ:AJ) -> 0
A81: SGCC-Z18_1.2_1219_POSCO/BAO | B81: SGCC-Z08 | C81: SGCC | D81: 1.2X1220x2440 | E81: DRYER | F81: DRYER | G81: GI | H81: SGCC | I81: 1.2 | J81: 1220 | K81: 2440 | L81: 2755 | M81: 1359 | N81: 0 | O81: 2780 | P81: 0 | Q81: 2775 | R81: 2800 | S81: 0 | T81: 0 | U81: 5750 | V81: 5715 | W81: 2800 | X81: 2810 | Y81: 2850 | Z81: 8636 | AA81: =SUMIF([1]SA007!$C:$C,'SA007 2025.01-2026.05 '!$D81,[1]SA007!P:P) -> 5615 | AB81: =SUMIF([1]SA007!$C:$C,'SA007 2025.01-2026.05 '!$D81,[1]SA007!Q:Q) -> 3145 | AC81: =SUM(L81:AB81) -> 49790 | AD81: =AVERAGE(L81:AB81) -> 2928.8235 | AE81: เน้นผิวและคุณภาพ (W+-2 , L+-2) _x000D_ ห่อกระดาษ วางไม้พาเลท แพ็คละ 20 แผ่น _x000D_ ใช้ฝาครอบเหล็ก และแผ่นเหล็กรองสายรัด พาเลท ตีแบบ G _x000D_ LABEL 1.2*1220*2440_x000D_ | AG81: =SUMIF([1]SO003!$H:$H,'SA007 2025.01-2026.05 '!$D81,[1]SO003!AF:AF) -> 8973.2659 | AH81: =SUMIF([1]SO003!$H:$H,'SA007 2025.01-2026.05 '!$D81,[1]SO003!AH:AH) -> 8973.2659 | AI81: =SUMIF([1]SO003!$H:$H,'SA007 2025.01-2026.05 '!$D81,[1]SO003!AJ:AJ) -> 0
A82: SECC-16/16_1.2_1219_CHINA STEEL | B82: SECC-16/16 | C82: SECC-16/16 | D82: 1.2x142.5x800 | E82: TSE LUP | F82: TSE LUP | G82: EG | H82: SECC 16/16,AF | I82: 1.2 | J82: 142.5 | K82: 800 | L82: 0 | M82: 106 | N82: 499 | O82: 0 | P82: 0 | Q82: 0 | R82: 0 | S82: 0 | T82: 0 | U82: 0 | V82: 0 | W82: 0 | X82: 0 | Y82: 930 | Z82: 0 | AA82: =SUMIF([1]SA007!$C:$C,'SA007 2025.01-2026.05 '!$D82,[1]SA007!P:P) -> 0 | AB82: =SUMIF([1]SA007!$C:$C,'SA007 2025.01-2026.05 '!$D82,[1]SA007!Q:Q) -> 0 | AC82: =SUM(L82:AB82) -> 1535 | AD82: =AVERAGE(L82:AB82) -> 90.294118 | AE82: ** ชั่งน้ำหนักจริงทุกแถบ **ตาชั่งพื้น / ระบุ COIL NO ในใบแพลนทุกครั้ง_x000D_ ลูกค้าเน้นห้ามมีรอย Roller Mark | AG82: =SUMIF([1]SO003!$H:$H,'SA007 2025.01-2026.05 '!$D82,[1]SO003!AF:AF) -> 0 | AH82: =SUMIF([1]SO003!$H:$H,'SA007 2025.01-2026.05 '!$D82,[1]SO003!AH:AH) -> 0 | AI82: =SUMIF([1]SO003!$H:$H,'SA007 2025.01-2026.05 '!$D82,[1]SO003!AJ:AJ) -> 0
A83: SECC-16/16_1.2_1219_CHINA STEEL | B83: SECC-16/16 | C83: SECC-16/16 | D83: 1.2x180x535 | E83: TSE LUP | F83: TSE LUP | G83: EG | H83: SECC 16/16,AF | I83: 1.2 | J83: 180 | K83: 535 | L83: 0 | M83: 239 | N83: 37 | O83: 0 | P83: 0 | Q83: 0 | R83: 0 | S83: 0 | T83: 0 | U83: 0 | V83: 0 | W83: 0 | X83: 0 | Y83: 468 | Z83: 0 | AA83: =SUMIF([1]SA007!$C:$C,'SA007 2025.01-2026.05 '!$D83,[1]SA007!P:P) -> 0 | AB83: =SUMIF([1]SA007!$C:$C,'SA007 2025.01-2026.05 '!$D83,[1]SA007!Q:Q) -> 0 | AC83: =SUM(L83:AB83) -> 744 | AD83: =AVERAGE(L83:AB83) -> 43.764706 | AE83: ** ชั่งน้ำหนักจริงทุกแถบ *** ตาชั่งพื้น / ระบุ COIL NO ในใบแพลนทุกครั้ง_x000D_ ลูกค้าเน้นห้ามมีรอย Roller Mark | AG83: =SUMIF([1]SO003!$H:$H,'SA007 2025.01-2026.05 '!$D83,[1]SO003!AF:AF) -> 0 | AH83: =SUMIF([1]SO003!$H:$H,'SA007 2025.01-2026.05 '!$D83,[1]SO003!AH:AH) -> 0 | AI83: =SUMIF([1]SO003!$H:$H,'SA007 2025.01-2026.05 '!$D83,[1]SO003!AJ:AJ) -> 0
A84: SECC-16/16_1.2_1219_CHINA STEEL | B84: SECC-20/20 | C84: SECC-20/20 | D84: 1.2x90x1219 | E84: AAA MANU | F84: AAA MANU | G84: EG | H84: SECC-F20 | I84: 1.2 | J84: 90 | K84: 1219 | L84: 0 | M84: 0 | N84: 50 | O84: 53 | P84: 0 | Q84: 0 | R84: 52 | S84: 0 | T84: 0 | U84: 52 | V84: 0 | W84: 52 | X84: 0 | Y84: 0 | Z84: 0 | AA84: =SUMIF([1]SA007!$C:$C,'SA007 2025.01-2026.05 '!$D84,[1]SA007!P:P) -> 0 | AB84: =SUMIF([1]SA007!$C:$C,'SA007 2025.01-2026.05 '!$D84,[1]SA007!Q:Q) -> 52 | AC84: =SUM(L84:AB84) -> 311 | AD84: =AVERAGE(L84:AB84) -> 18.294118 | AE84: ห่อพลาสติกใส วางบนไม้พาเลท แนบ INSPECTION DATA_x000D_ | AG84: =SUMIF([1]SO003!$H:$H,'SA007 2025.01-2026.05 '!$D84,[1]SO003!AF:AF) -> 0 | AH84: =SUMIF([1]SO003!$H:$H,'SA007 2025.01-2026.05 '!$D84,[1]SO003!AH:AH) -> 0 | AI84: =SUMIF([1]SO003!$H:$H,'SA007 2025.01-2026.05 '!$D84,[1]SO003!AJ:AJ) -> 0
A85: SECC-16/16_1.5_1219_CHINA STEEL | B85: SECC-16/16 | C85: SECC-16/16 | D85: 1.50X113XCOIL | E85: TSE LUP | F85: TSE LUP | G85: EG | H85: SECC E16/16,AF | I85: 1.5 | J85: 113 | K85: COIL | L85: 968 | M85: 0 | N85: 0 | O85: 1495 | P85: 0 | Q85: 0 | R85: 0 | S85: 0 | T85: 0 | U85: 0 | V85: 0 | W85: 0 | X85: 0 | Y85: 0 | Z85: 0 | AA85: =SUMIF([1]SA007!$C:$C,'SA007 2025.01-2026.05 '!$D85,[1]SA007!P:P) -> 0 | AB85: =SUMIF([1]SA007!$C:$C,'SA007 2025.01-2026.05 '!$D85,[1]SA007!Q:Q) -> 1903 | AC85: =SUM(L85:AB85) -> 4366 | AD85: =AVERAGE(L85:AB85) -> 256.82353 | AE85: ** ชั่งน้ำหนักจริงทุกแถบ *** ตาชั่งพื้น น้ำหนัก : coil ต้องไม่เกิน 450-500kg/coil, พันผ้าสาน ล้มวางไม้พาเลท 1 แถบ/พาเลท _x000D_ ระบุ COIL NO ในใบแพลนทุกครั้ง_x000D_ แนบ INSPECTION DATA_x000D_ | AG85: =SUMIF([1]SO003!$H:$H,'SA007 2025.01-2026.05 '!$D85,[1]SO003!AF:AF) -> 0 | AH85: =SUMIF([1]SO003!$H:$H,'SA007 2025.01-2026.05 '!$D85,[1]SO003!AH:AH) -> 0 | AI85: =SUMIF([1]SO003!$H:$H,'SA007 2025.01-2026.05 '!$D85,[1]SO003!AJ:AJ) -> 0
A86: SGCC-Z27_1.5_1219_POSCO/BAO | B86: SGCC-Z27 | C86: SGCC-Z27 | D86: 1.50x160.00xcoil | E86: GINFONG | F86: GINFONG | G86: GI | H86: SGCC-ZSNCX Z27 | I86: 1.5 | J86: 160 | K86: COIL | L86: 3831 | M86: 0 | N86: 0 | O86: 2627 | P86: 0 | Q86: 1931 | R86: 2570 | S86: 0 | T86: 505 | U86: 3401 | V86: 0 | W86: 1548 | X86: 1291 | Y86: 0 | Z86: 0 | AA86: =SUMIF([1]SA007!$C:$C,'SA007 2025.01-2026.05 '!$D86,[1]SA007!P:P) -> 4540 | AB86: =SUMIF([1]SA007!$C:$C,'SA007 2025.01-2026.05 '!$D86,[1]SA007!Q:Q) -> 0 | AC86: =SUM(L86:AB86) -> 22244 | AD86: =AVERAGE(L86:AB86) -> 1308.4706 | AE86: ห่อพลาสติกใส ล้มวางไม้พาเลท 1 แถบ/พาเลท_x000D_ แนบ INSPECTION DATA_x000D__x000D_ ครีบคว่ำ ครีบหงาย แยกพาเลท FG ระบุพาเลทและคีบคว่ำหงายลง Remark ในระบบด้วย | AG86: =SUMIF([1]SO003!$H:$H,'SA007 2025.01-2026.05 '!$D86,[1]SO003!AF:AF) -> 6200 | AH86: =SUMIF([1]SO003!$H:$H,'SA007 2025.01-2026.05 '!$D86,[1]SO003!AH:AH) -> 0 | AI86: =SUMIF([1]SO003!$H:$H,'SA007 2025.01-2026.05 '!$D86,[1]SO003!AJ:AJ) -> 6200
A87: SECC-16/16_1.5_1219_CHINA STEEL | B87: SECC-16/16 | C87: SECC-16/16 | D87: 1.50X167XCOIL | E87: TSE LUP | F87: TSE LUP | G87: EG | H87: SECC E16/16,AF | I87: 1.5 | J87: 167 | K87: COIL | L87: 0 | M87: 1178 | N87: 0 | O87: 0 | P87: 684 | Q87: 1941 | R87: 0 | S87: 0 | T87: 0 | U87: 0 | V87: 0 | W87: 0 | X87: 0 | Y87: 1934 | Z87: 0 | AA87: =SUMIF([1]SA007!$C:$C,'SA007 2025.01-2026.05 '!$D87,[1]SA007!P:P) -> 0 | AB87: =SUMIF([1]SA007!$C:$C,'SA007 2025.01-2026.05 '!$D87,[1]SA007!Q:Q) -> 2147 | AC87: =SUM(L87:AB87) -> 7884 | AD87: =AVERAGE(L87:AB87) -> 463.76471 | AE87: ** ชั่งน้ำหนักจริงทุกแถบ **ตาชั่งพื้น น้ำหนัก : coil ต้องไม่เกิน 450-500kg/coil พันผ้าสาน ล้มวางไม้พาเลท 1 แถบ/พาเลท _x000D_ ระบุ COIL NO ในใบแพลนทุกครั้ง_x000D_ แนบ INSPECTION DATA_x000D_ | AG87: =SUMIF([1]SO003!$H:$H,'SA007 2025.01-2026.05 '!$D87,[1]SO003!AF:AF) -> 0 | AH87: =SUMIF([1]SO003!$H:$H,'SA007 2025.01-2026.05 '!$D87,[1]SO003!AH:AH) -> 0 | AI87: =SUMIF([1]SO003!$H:$H,'SA007 2025.01-2026.05 '!$D87,[1]SO003!AJ:AJ) -> 0
A88: SECC-16/16_1.5_1219_CHINA STEEL | B88: SECC-16/16 | C88: SECC-16/16 | D88: 1.50X210XCOIL | E88: TSE LUP | F88: TSE LUP | G88: EG | H88: SECC E16/16,AF | I88: 1.5 | J88: 210 | K88: COIL | L88: 1114.5 | M88: 0 | N88: 0 | O88: 0 | P88: 0 | Q88: 0 | R88: 1745 | S88: 0 | T88: 0 | U88: 0 | V88: 0 | W88: 0 | X88: 1039 | Y88: 0 | Z88: 0 | AA88: =SUMIF([1]SA007!$C:$C,'SA007 2025.01-2026.05 '!$D88,[1]SA007!P:P) -> 0 | AB88: =SUMIF([1]SA007!$C:$C,'SA007 2025.01-2026.05 '!$D88,[1]SA007!Q:Q) -> 0 | AC88: =SUM(L88:AB88) -> 3898.5 | AD88: =AVERAGE(L88:AB88) -> 229.32353 | AE88: ** ชั่งน้ำหนักจริงทุกแถบ **ตาชั่งพื้น น้ำหนัก : coil ต้องไม่เกิน 800-900kg/coilพันผ้าสาน ล้มวางไม้พาเลท 1 แถบ/พาเลท _x000D_ แนบ INSPECTION DATA_x000D__x000D_ ระบุ COIL NO ในใบแพลนทุกครั้ง | AG88: =SUMIF([1]SO003!$H:$H,'SA007 2025.01-2026.05 '!$D88,[1]SO003!AF:AF) -> 0 | AH88: =SUMIF([1]SO003!$H:$H,'SA007 2025.01-2026.05 '!$D88,[1]SO003!AH:AH) -> 0 | AI88: =SUMIF([1]SO003!$H:$H,'SA007 2025.01-2026.05 '!$D88,[1]SO003!AJ:AJ) -> 0
A89: SECC-16/16_1.5_1219_CHINA STEEL | B89: SECC-16/16 | C89: SECC-16/16 | D89: 1.50X246XCOIL | E89: TSE LUP | F89: TSE LUP | G89: EG | H89: SECC E16/16,AF | I89: 1.5 | J89: 246 | K89: COIL | L89: 0 | M89: 0 | N89: 812 | O89: 0 | P89: 0 | Q89: 0 | R89: 0 | S89: 0 | T89: 0 | U89: 0 | V89: 0 | W89: 0 | X89: 883 | Y89: 0 | Z89: 0 | AA89: =SUMIF([1]SA007!$C:$C,'SA007 2025.01-2026.05 '!$D89,[1]SA007!P:P) -> 0 | AB89: =SUMIF([1]SA007!$C:$C,'SA007 2025.01-2026.05 '!$D89,[1]SA007!Q:Q) -> 0 | AC89: =SUM(L89:AB89) -> 1695 | AD89: =AVERAGE(L89:AB89) -> 99.705882 | AE89: ** ชั่งน้ำหนักจริงทุกแถบ **_x000D_ ตาชั่งพื้น ล้มวางไม้พาเลท_x000D_ ระบุ COIL NO ในใบแพลนทุกครั้ง | AG89: =SUMIF([1]SO003!$H:$H,'SA007 2025.01-2026.05 '!$D89,[1]SO003!AF:AF) -> 0 | AH89: =SUMIF([1]SO003!$H:$H,'SA007 2025.01-2026.05 '!$D89,[1]SO003!AH:AH) -> 0 | AI89: =SUMIF([1]SO003!$H:$H,'SA007 2025.01-2026.05 '!$D89,[1]SO003!AJ:AJ) -> 0
A90: SECC-16/16_1.5_1219_CHINA STEEL | B90: SECC-16/16 | C90: SECC-16/16 | D90: 1.5x270xCOIL | E90: TSE LUP | F90: TSE LUP | G90: EG | H90: SECC E16/16,AF | I90: 1.5 | J90: 270 | K90: COIL | L90: 0 | M90: 0 | N90: 1752.5 | O90: 0 | P90: 0 | Q90: 1577 | R90: 0 | S90: 0 | T90: 0 | U90: 0 | V90: 0 | W90: 0 | X90: 0 | Y90: 0 | Z90: 0 | AA90: =SUMIF([1]SA007!$C:$C,'SA007 2025.01-2026.05 '!$D90,[1]SA007!P:P) -> 0 | AB90: =SUMIF([1]SA007!$C:$C,'SA007 2025.01-2026.05 '!$D90,[1]SA007!Q:Q) -> 0 | AC90: =SUM(L90:AB90) -> 3329.5 | AD90: =AVERAGE(L90:AB90) -> 195.85294 | AE90: ** ชั่งน้ำหนักจริงทุกแถบ **_x000D_ ตาชั่งพื้น_x000D_ ระบุ COIL NO ในใบแพลนทุกครั้ง | AG90: =SUMIF([1]SO003!$H:$H,'SA007 2025.01-2026.05 '!$D90,[1]SO003!AF:AF) -> 0 | AH90: =SUMIF([1]SO003!$H:$H,'SA007 2025.01-2026.05 '!$D90,[1]SO003!AH:AH) -> 0 | AI90: =SUMIF([1]SO003!$H:$H,'SA007 2025.01-2026.05 '!$D90,[1]SO003!AJ:AJ) -> 0
A91: SECC-16/16_1.5_1219_CHINA STEEL | B91: SECC-16/16 | C91: SECC-16/16 | D91: 1.5x81xCoil | E91: TSE LUP | F91: TSE LUP | G91: EG | H91: SECC E16/16,AF | I91: 1.5 | J91: 81 | K91: COIL | L91: 0 | M91: 0 | N91: 1053.5 | O91: 0 | P91: 0 | Q91: 1425 | R91: 0 | S91: 0 | T91: 0 | U91: 0 | V91: 0 | W91: 0 | X91: 599 | Y91: 0 | Z91: 0 | AA91: =SUMIF([1]SA007!$C:$C,'SA007 2025.01-2026.05 '!$D91,[1]SA007!P:P) -> 0 | AB91: =SUMIF([1]SA007!$C:$C,'SA007 2025.01-2026.05 '!$D91,[1]SA007!Q:Q) -> 0 | AC91: =SUM(L91:AB91) -> 3077.5 | AD91: =AVERAGE(L91:AB91) -> 181.02941 | AE91: ** ชั่งน้ำหนักจริงทุกแถบ *** ตาชั่งพื้น_x000D_ น้ำหนัก : coil ต้องไม่เกิน 420-460kg/coil_x000D_ ระบุ COIL NO ในใบแพลนทุกครั้ง | AG91: =SUMIF([1]SO003!$H:$H,'SA007 2025.01-2026.05 '!$D91,[1]SO003!AF:AF) -> 0 | AH91: =SUMIF([1]SO003!$H:$H,'SA007 2025.01-2026.05 '!$D91,[1]SO003!AH:AH) -> 0 | AI91: =SUMIF([1]SO003!$H:$H,'SA007 2025.01-2026.05 '!$D91,[1]SO003!AJ:AJ) -> 0
A92: SECC-16/16_1.5_1219_CHINA STEEL | B92: SECC-16/16 | C92: SECC-16/16 | D92: 1.5x88xCoil | E92: TSE LUP | F92: TSE LUP | G92: EG | H92: SECC E16/16,AF | I92: 1.5 | J92: 88 | K92: COIL | L92: 1545.5 | M92: 0 | N92: 0 | O92: 0 | P92: 1469 | Q92: 0 | R92: 0 | S92: 0 | T92: 0 | U92: 0 | V92: 0 | W92: 0 | X92: 0 | Y92: 0 | Z92: 0 | AA92: =SUMIF([1]SA007!$C:$C,'SA007 2025.01-2026.05 '!$D92,[1]SA007!P:P) -> 0 | AB92: =SUMIF([1]SA007!$C:$C,'SA007 2025.01-2026.05 '!$D92,[1]SA007!Q:Q) -> 0 | AC92: =SUM(L92:AB92) -> 3014.5 | AD92: =AVERAGE(L92:AB92) -> 177.32353 | AE92: ** ชั่งน้ำหนักจริงทุกแถบ ** ตาชั่งพื้น_x000D_ น้ำหนัก : coil ต้องไม่เกิน 450-500kg/coil_x000D_ ระบุ COIL NO ในใบแพลนทุกครั้ง | AG92: =SUMIF([1]SO003!$H:$H,'SA007 2025.01-2026.05 '!$D92,[1]SO003!AF:AF) -> 0 | AH92: =SUMIF([1]SO003!$H:$H,'SA007 2025.01-2026.05 '!$D92,[1]SO003!AH:AH) -> 0 | AI92: =SUMIF([1]SO003!$H:$H,'SA007 2025.01-2026.05 '!$D92,[1]SO003!AJ:AJ) -> 0
A93: A5052 1.6X300.00X1250.00 | D93: 1.6X300.00X1250.00 | E93: B.S. TOOLS | G93: AL | H93: A5052 | I93: 1.6 | J93: 300 | K93: 1250 | L93: 988 | M93: 0 | N93: 1990 | O93: 985 | P93: 2244 | Q93: 1941 | R93: 1613 | S93: 969 | T93: 2268 | U93: 1610 | V93: 1662 | W93: 1771 | X93: 1775 | Y93: 1374 | Z93: 1923 | AA93: =SUMIF([1]SA007!$C:$C,'SA007 2025.01-2026.05 '!$D93,[1]SA007!P:P) -> 641 | AB93: =SUMIF([1]SA007!$C:$C,'SA007 2025.01-2026.05 '!$D93,[1]SA007!Q:Q) -> 1292 | AC93: =SUM(L93:AB93) -> 25046 | AD93: =AVERAGE(L93:AB93) -> 1473.2941 | AE93: ห่อพลาสติกใส วางบนไม้พาเลท 1 แถว/พาเลท_x000D_ แนบINSPECTION_x000D_ | AG93: =SUMIF([1]SO003!$H:$H,'SA007 2025.01-2026.05 '!$D93,[1]SO003!AF:AF) -> 0 | AH93: =SUMIF([1]SO003!$H:$H,'SA007 2025.01-2026.05 '!$D93,[1]SO003!AH:AH) -> 0 | AI93: =SUMIF([1]SO003!$H:$H,'SA007 2025.01-2026.05 '!$D93,[1]SO003!AJ:AJ) -> 0
A94: SGCC-F08_1.6_1219_Common | B94: GA-SGCC-F08 | D94: X-DD92-00 | E94: MING TAI | G94: GA | H94: GA-SGCC-F08 | I94: 1.6 | J94: 228 | K94: 1048.2 | L94: 0 | M94: 0 | N94: 0 | O94: 0 | P94: 0 | Q94: 0 | R94: 0 | S94: 0 | T94: 0 | U94: 0 | V94: 0 | W94: 0 | X94: 0 | Y94: 0 | Z94: 0 | AA94: =SUMIF([1]SA007!$C:$C,'SA007 2025.01-2026.05 '!$D94,[1]SA007!P:P) -> 0 | AB94: =SUMIF([1]SA007!$C:$C,'SA007 2025.01-2026.05 '!$D94,[1]SA007!Q:Q) -> 0 | AC94: =SUM(L94:AB94) -> 0 | AD94: =AVERAGE(L94:AB94) -> 0 | AG94: =SUMIF([1]SO003!$H:$H,'SA007 2025.01-2026.05 '!$D94,[1]SO003!AF:AF) -> 0 | AH94: =SUMIF([1]SO003!$H:$H,'SA007 2025.01-2026.05 '!$D94,[1]SO003!AH:AH) -> 0 | AI94: =SUMIF([1]SO003!$H:$H,'SA007 2025.01-2026.05 '!$D94,[1]SO003!AJ:AJ) -> 0
A95: SGCC-F08_1.6_1219_Common | B95: GA-SGCC-F08 | D95: X-DD95-00 | E95: MING TAI | G95: GA | H95: GA-SGCC-F08 | I95: 1.6 | J95: 115 | K95: 852 | L95: 0 | M95: 0 | N95: 0 | O95: 0 | P95: 0 | Q95: 0 | R95: 0 | S95: 0 | T95: 0 | U95: 0 | V95: 0 | W95: 0 | X95: 0 | Y95: 0 | Z95: 0 | AA95: =SUMIF([1]SA007!$C:$C,'SA007 2025.01-2026.05 '!$D95,[1]SA007!P:P) -> 0 | AB95: =SUMIF([1]SA007!$C:$C,'SA007 2025.01-2026.05 '!$D95,[1]SA007!Q:Q) -> 0 | AC95: =SUM(L95:AB95) -> 0 | AD95: =AVERAGE(L95:AB95) -> 0 | AE95: เน้นผิวและคุณภาพ แนบ INSPECTION ห่อพลาสติกใส วางไม้พาเลท | AG95: =SUMIF([1]SO003!$H:$H,'SA007 2025.01-2026.05 '!$D95,[1]SO003!AF:AF) -> 0 | AH95: =SUMIF([1]SO003!$H:$H,'SA007 2025.01-2026.05 '!$D95,[1]SO003!AH:AH) -> 0 | AI95: =SUMIF([1]SO003!$H:$H,'SA007 2025.01-2026.05 '!$D95,[1]SO003!AJ:AJ) -> 0
A96: SPCC-SD_1.6_1219_Common | D96: 77004088 | G96: CR | H96: JSC270C | I96: 1.6 | J96: 95 | K96: 1219 | L96: 0 | M96: 0 | N96: 0 | O96: 0 | P96: 0 | Q96: 0 | R96: 0 | S96: 0 | T96: 0 | U96: 0 | V96: 0 | W96: 0 | X96: 0 | Y96: 0 | Z96: 0 | AA96: =SUMIF([1]SA007!$C:$C,'SA007 2025.01-2026.05 '!$D96,[1]SA007!P:P) -> 0 | AB96: =SUMIF([1]SA007!$C:$C,'SA007 2025.01-2026.05 '!$D96,[1]SA007!Q:Q) -> 0 | AC96: =SUM(L96:AB96) -> 0 | AD96: =AVERAGE(L96:AB96) -> 0 | AG96: =SUMIF([1]SO003!$H:$H,'SA007 2025.01-2026.05 '!$D96,[1]SO003!AF:AF) -> 0 | AH96: =SUMIF([1]SO003!$H:$H,'SA007 2025.01-2026.05 '!$D96,[1]SO003!AH:AH) -> 0 | AI96: =SUMIF([1]SO003!$H:$H,'SA007 2025.01-2026.05 '!$D96,[1]SO003!AJ:AJ) -> 0
A97: SPCC-SD_1.6_1219_Common | D97: 77004089 | G97: CR | H97: JSC270C | I97: 1.6 | J97: 100 | K97: 1219 | L97: 0 | M97: 0 | N97: 0 | O97: 0 | P97: 0 | Q97: 0 | R97: 0 | S97: 0 | T97: 0 | U97: 0 | V97: 0 | W97: 0 | X97: 0 | Y97: 0 | Z97: 0 | AA97: =SUMIF([1]SA007!$C:$C,'SA007 2025.01-2026.05 '!$D97,[1]SA007!P:P) -> 0 | AB97: =SUMIF([1]SA007!$C:$C,'SA007 2025.01-2026.05 '!$D97,[1]SA007!Q:Q) -> 0 | AC97: =SUM(L97:AB97) -> 0 | AD97: =AVERAGE(L97:AB97) -> 0 | AG97: =SUMIF([1]SO003!$H:$H,'SA007 2025.01-2026.05 '!$D97,[1]SO003!AF:AF) -> 0 | AH97: =SUMIF([1]SO003!$H:$H,'SA007 2025.01-2026.05 '!$D97,[1]SO003!AH:AH) -> 0 | AI97: =SUMIF([1]SO003!$H:$H,'SA007 2025.01-2026.05 '!$D97,[1]SO003!AJ:AJ) -> 0
A98: SPCC-SD_1.6_1219_Common | D98: 77004092 | G98: CR | H98: JSC270C | I98: 1.6 | J98: 138 | K98: 1219 | L98: 0 | M98: 0 | N98: 0 | O98: 0 | P98: 0 | Q98: 0 | R98: 0 | S98: 0 | T98: 0 | U98: 0 | V98: 0 | W98: 0 | X98: 0 | Y98: 0 | Z98: 0 | AA98: =SUMIF([1]SA007!$C:$C,'SA007 2025.01-2026.05 '!$D98,[1]SA007!P:P) -> 0 | AB98: =SUMIF([1]SA007!$C:$C,'SA007 2025.01-2026.05 '!$D98,[1]SA007!Q:Q) -> 0 | AC98: =SUM(L98:AB98) -> 0 | AD98: =AVERAGE(L98:AB98) -> 0 | AG98: =SUMIF([1]SO003!$H:$H,'SA007 2025.01-2026.05 '!$D98,[1]SO003!AF:AF) -> 0 | AH98: =SUMIF([1]SO003!$H:$H,'SA007 2025.01-2026.05 '!$D98,[1]SO003!AH:AH) -> 0 | AI98: =SUMIF([1]SO003!$H:$H,'SA007 2025.01-2026.05 '!$D98,[1]SO003!AJ:AJ) -> 0
A99: SGCC-Z18_1.2_1219_POSCO/BAO | B99: SGCC Z18 | D99: 1.20X108.00XCOIL | E99: GINFONG | G99: GI | H99: SGCC Z18 | I99: 1.2 | J99: 108 | K99: COIL | L99: 0 | M99: 0 | N99: 0 | O99: 0 | P99: 0 | Q99: 0 | R99: 0 | S99: 0 | T99: 0 | U99: 5252 | V99: 0 | W99: 7007 | X99: 0 | Y99: 0 | Z99: 0 | AA99: =SUMIF([1]SA007!$C:$C,'SA007 2025.01-2026.05 '!$D99,[1]SA007!P:P) -> 0 | AB99: =SUMIF([1]SA007!$C:$C,'SA007 2025.01-2026.05 '!$D99,[1]SA007!Q:Q) -> 0 | AC99: =SUM(L99:AB99) -> 12259 | AD99: =AVERAGE(L99:AB99) -> 721.11765 | AE99: ครีบคว่ำ ครีบหงาย แยกพาเลท FG ระบุพาเลทและคีบคว่ำหงายลง Remark ในระบบด้วย | AG99: =SUMIF([1]SO003!$H:$H,'SA007 2025.01-2026.05 '!$D99,[1]SO003!AF:AF) -> 0 | AH99: =SUMIF([1]SO003!$H:$H,'SA007 2025.01-2026.05 '!$D99,[1]SO003!AH:AH) -> 0 | AI99: =SUMIF([1]SO003!$H:$H,'SA007 2025.01-2026.05 '!$D99,[1]SO003!AJ:AJ) -> 0
A100: SGCC-Z18_2.3_1219_Common | B100: SGCC Z18 | D100: 2.3x42xCoil | E100: TAKAFUNE | G100: GI | H100: SGCC Z18 | I100: 2.3 | J100: 42 | K100: Coil | L100: 0 | M100: 0 | N100: 0 | O100: 0 | P100: 0 | Q100: 0 | R100: 0 | S100: 0 | T100: 0 | U100: 0 | V100: 0 | W100: 0 | X100: 0 | Y100: 0 | Z100: 0 | AA100: =SUMIF([1]SA007!$C:$C,'SA007 2025.01-2026.05 '!$D100,[1]SA007!P:P) -> 115 | AB100: =SUMIF([1]SA007!$C:$C,'SA007 2025.01-2026.05 '!$D100,[1]SA007!Q:Q) -> 0 | AC100: =SUM(L100:AB100) -> 115 | AD100: =AVERAGE(L100:AB100) -> 6.7647059 | AE100: น้ำหนักต่อ Coil 110 กก. | AG100: =SUMIF([1]SO003!$H:$H,'SA007 2025.01-2026.05 '!$D100,[1]SO003!AF:AF) -> 0 | AH100: =SUMIF([1]SO003!$H:$H,'SA007 2025.01-2026.05 '!$D100,[1]SO003!AH:AH) -> 0 | AI100: =SUMIF([1]SO003!$H:$H,'SA007 2025.01-2026.05 '!$D100,[1]SO003!AJ:AJ) -> 0
...
